price,list_price,sold_price,home_type,home_type_bucket,neighbourhood,latitude,longitude,bedrooms,bedrooms_plus,bathrooms,estimated_area_sqft,Distance_to_School,Distance_to_Hospital,Distance_to_Park,Distance_to_Library,Distance_to_Bank,Distance_to_Pharmacy,Distance_to_Grocery,Distance_to_Subway,Restaurants_Within_1km,Parks_Within_2km,Schools_Within_2km,_id,AREA_ID,AREA_ATTR_ID,PARENT_AREA_ID,AREA_SHORT_CODE,AREA_LONG_CODE,AREA_NAME,AREA_DESC,CLASSIFICATION,CLASSIFICATION_CODE,OBJECTID,Neighbourhood
539900.0,539900.0,539900.0,TOWNHOUSE,TOWNHOUSE,Niagara,43.6397574,-79.4130731,1,0,1,460.0,581.54,574.82,65.36,1022.31,242.46,242.62,268.26,2438.81,87,70,26,43,2502324,26022839,,163,163,Fort York-Liberty Village,Fort York-Liberty Village (163),Not an NIA or Emerging Neighbourhood,,17825409.0,Fort York-Liberty Village
660000.0,660000.0,660000.0,TOWNHOUSE,TOWNHOUSE,TCNI - Niagara,43.6336235,-79.4002941,2,0,1,670.0,341.37,1807.11,93.7,623.46,440.48,391.42,259.35,2005.56,12,50,12,43,2502324,26022839,,163,163,Fort York-Liberty Village,Fort York-Liberty Village (163),Not an NIA or Emerging Neighbourhood,,17825409.0,Fort York-Liberty Village
688888.0,688888.0,688888.0,DUPLEX_TRIPLEX_FOURPLEX,DUPLEX_TRIPLEX_FOURPLEX,Corso Italia Davenport,43.6741781,-79.4371145,3,1,3,1300.0,241.35,1778.75,410.93,529.65,606.68,497.78,796.21,1553.46,54,60,34,65,2502302,26022817,,92,92,Corso Italia-Davenport,Corso Italia-Davenport (92),Not an NIA or Emerging Neighbourhood,,17825761.0,Corso Italia-Davenport
988000.0,988000.0,988000.0,DUPLEX_TRIPLEX_FOURPLEX,DUPLEX_TRIPLEX_FOURPLEX,Dovercourt Wallace Emerson Junction,43.6627655,-79.4433444,5,2,4,900.0,274.94,2546.59,409.23,600.03,548.97,80.2,358.84,408.79,49,58,47,4,2502363,26022878,,171,171,Junction-Wallace Emerson,Junction-Wallace Emerson (171),Not an NIA or Emerging Neighbourhood,,17824785.0,Junction-Wallace Emerson
999000.0,999000.0,999000.0,DUPLEX_TRIPLEX_FOURPLEX,DUPLEX_TRIPLEX_FOURPLEX,Greenwood Coxwell,43.6700506,-79.3229274,5,2,3,1750.0,116.26,2217.63,443.8,276.18,434.99,365.24,272.49,1510.97,30,56,29,91,2502276,26022791,,65,65,Greenwood-Coxwell,Greenwood-Coxwell (65),Not an NIA or Emerging Neighbourhood,,17826177.0,Greenwood-Coxwell
999000.0,999000.0,999000.0,DUPLEX_TRIPLEX_FOURPLEX,DUPLEX_TRIPLEX_FOURPLEX,Dovercourt Wallace Emerson Junction,43.6638146,-79.432053,5,1,3,1300.0,231.86,2034.17,196.1,460.24,337.68,367.92,820.36,477.33,61,67,51,3,2502364,26022879,,172,172,Dovercourt Village,Dovercourt Village (172),Not an NIA or Emerging Neighbourhood,,17824769.0,Dovercourt Village
975000.0,975000.0,975000.0,DUPLEX_TRIPLEX_FOURPLEX,DUPLEX_TRIPLEX_FOURPLEX,Dufferin Grove,43.6559793,-79.447795,3,0,3,1300.0,323.1,1745.27,255.13,1086.63,380.49,364.1,136.35,435.2,57,50,35,105,2502262,26022777,,83,83,Dufferin Grove,Dufferin Grove (83),Not an NIA or Emerging Neighbourhood,,17826401.0,Dufferin Grove
1075000.0,1075000.0,1075000.0,DUPLEX_TRIPLEX_FOURPLEX,DUPLEX_TRIPLEX_FOURPLEX,Weston Pellam Park,43.6773415,-79.4613153,4,1,6,1750.0,280.43,2129.23,204.0,344.02,872.83,347.34,490.22,2364.49,32,54,32,66,2502301,26022816,,91,91,Weston-Pelham Park,Weston-Pelham Park (91),Neighbourhood Improvement Area,NIA,17825777.0,Weston-Pelham Park
1028000.0,1028000.0,1028000.0,DUPLEX_TRIPLEX_FOURPLEX,DUPLEX_TRIPLEX_FOURPLEX,Greenwood Coxwell,43.6730266,-79.3268915,2,1,2,900.0,320.95,1887.47,341.11,395.42,629.97,553.76,448.28,1094.22,29,58,32,91,2502276,26022791,,65,65,Greenwood-Coxwell,Greenwood-Coxwell (65),Not an NIA or Emerging Neighbourhood,,17826177.0,Greenwood-Coxwell
1150000.0,1150000.0,1150000.0,DUPLEX_TRIPLEX_FOURPLEX,DUPLEX_TRIPLEX_FOURPLEX,Greenwood Coxwell,43.6659009,-79.3194893,4,2,3,1750.0,201.24,2708.76,138.31,756.57,766.71,59.64,722.53,2045.1,31,49,23,91,2502276,26022791,,65,65,Greenwood-Coxwell,Greenwood-Coxwell (65),Not an NIA or Emerging Neighbourhood,,17826177.0,Greenwood-Coxwell
1149000.0,1149000.0,1149000.0,DUPLEX_TRIPLEX_FOURPLEX,DUPLEX_TRIPLEX_FOURPLEX,Moss Park,43.6530206,-79.3714643,1,1,2,1750.0,237.0,514.63,229.77,409.91,306.43,183.23,195.63,643.2,168,92,60,83,2502284,26022799,,73,73,Moss Park,Moss Park (73),Not an NIA or Emerging Neighbourhood,,17826049.0,Moss Park
1160000.0,1160000.0,1160000.0,DUPLEX_TRIPLEX_FOURPLEX,DUPLEX_TRIPLEX_FOURPLEX,Little Portugal,43.6489425,-79.4270189,7,0,2,2250.0,356.59,944.14,247.77,880.47,424.07,191.0,85.35,1427.55,114,69,40,104,2502263,26022778,,84,84,Little Portugal,Little Portugal (84),Not an NIA or Emerging Neighbourhood,,17826385.0,Little Portugal
1200000.0,1200000.0,1200000.0,DUPLEX_TRIPLEX_FOURPLEX,DUPLEX_TRIPLEX_FOURPLEX,Annex,43.6692003,-79.4124542,3,0,3,1750.0,156.79,973.02,168.92,474.6,448.72,331.1,215.57,376.38,109,84,63,63,2502304,26022819,,95,95,Annex,Annex (95),Not an NIA or Emerging Neighbourhood,,17825729.0,Annex
1200000.0,1200000.0,1200000.0,DUPLEX_TRIPLEX_FOURPLEX,DUPLEX_TRIPLEX_FOURPLEX,Annex,43.6692517,-79.4124643,3,0,3,1750.0,157.14,967.29,171.99,479.85,454.46,336.87,210.27,382.11,109,84,63,63,2502304,26022819,,95,95,Annex,Annex (95),Not an NIA or Emerging Neighbourhood,,17825729.0,Annex
1175000.0,1175000.0,1175000.0,DUPLEX_TRIPLEX_FOURPLEX,DUPLEX_TRIPLEX_FOURPLEX,Greenwood Coxwell,43.6755491,-79.3213109,5,3,4,1750.0,234.28,1626.6,64.43,349.56,356.07,302.64,276.58,966.73,33,60,35,91,2502276,26022791,,65,65,Greenwood-Coxwell,Greenwood-Coxwell (65),Not an NIA or Emerging Neighbourhood,,17826177.0,Greenwood-Coxwell
1299000.0,1299000.0,1299000.0,DUPLEX_TRIPLEX_FOURPLEX,DUPLEX_TRIPLEX_FOURPLEX,East End Danforth,43.6855383,-79.2917576,6,1,3,2250.0,306.8,2711.76,149.57,663.03,525.14,476.63,431.18,882.75,35,51,31,94,2502273,26022788,,62,62,East End-Danforth,East End-Danforth (62),Not an NIA or Emerging Neighbourhood,,17826225.0,East End-Danforth
1298000.0,1298000.0,1298000.0,DUPLEX_TRIPLEX_FOURPLEX,DUPLEX_TRIPLEX_FOURPLEX,Palmerston Little Italy,43.660747,-79.4247487,3,1,3,1300.0,379.09,1747.84,245.41,724.29,174.51,189.96,752.34,221.55,107,72,52,79,2502288,26022803,,80,80,Palmerston-Little Italy,Palmerston-Little Italy (80),Not an NIA or Emerging Neighbourhood,,17825985.0,Palmerston-Little Italy
1299900.0,1299900.0,1299900.0,DUPLEX_TRIPLEX_FOURPLEX,DUPLEX_TRIPLEX_FOURPLEX,Humewood Cedarvale,43.6885673,-79.4241682,4,1,3,1750.0,376.97,1397.37,94.12,883.93,733.03,113.72,762.69,815.24,32,60,38,53,2502314,26022829,,106,106,Humewood-Cedarvale,Humewood-Cedarvale (106),Not an NIA or Emerging Neighbourhood,,17825569.0,Humewood-Cedarvale
1399000.0,1399000.0,1399000.0,DUPLEX_TRIPLEX_FOURPLEX,DUPLEX_TRIPLEX_FOURPLEX,Dovercourt Wallace Emerson Junction,43.6645404,-79.4457844,4,2,3,1300.0,493.4,2709.23,228.18,334.19,416.89,259.78,265.84,650.06,41,52,42,4,2502363,26022878,,171,171,Junction-Wallace Emerson,Junction-Wallace Emerson (171),Not an NIA or Emerging Neighbourhood,,17824785.0,Junction-Wallace Emerson
1397500.0,1397500.0,1397500.0,DUPLEX_TRIPLEX_FOURPLEX,DUPLEX_TRIPLEX_FOURPLEX,Lawrence Park North,43.7264453,-79.3980486,4,0,2,2250.0,233.96,1988.74,222.37,345.31,365.99,378.41,388.46,355.79,17,42,28,54,2502313,26022828,,105,105,Lawrence Park North,Lawrence Park North (105),Not an NIA or Emerging Neighbourhood,,17825585.0,Lawrence Park North
1499000.0,1499000.0,1499000.0,DUPLEX_TRIPLEX_FOURPLEX,DUPLEX_TRIPLEX_FOURPLEX,Casa Loma,43.6764458,-79.4130494,4,1,3,1300.0,168.22,241.01,88.95,737.05,306.66,439.32,321.61,524.89,31,79,55,62,2502305,26022820,,96,96,Casa Loma,Casa Loma (96),Not an NIA or Emerging Neighbourhood,,17825713.0,Casa Loma
1499000.0,1499000.0,1499000.0,DUPLEX_TRIPLEX_FOURPLEX,DUPLEX_TRIPLEX_FOURPLEX,Danforth,43.6831934,-79.3409185,4,1,8,2750.0,304.49,1488.65,206.56,588.03,570.13,450.3,361.72,348.52,67,48,37,90,2502277,26022792,,66,66,Danforth,Danforth (66),Not an NIA or Emerging Neighbourhood,,17826161.0,Danforth
1488000.0,1488000.0,1488000.0,DUPLEX_TRIPLEX_FOURPLEX,DUPLEX_TRIPLEX_FOURPLEX,Corso Italia Davenport,43.6796772,-79.443391,4,2,3,1750.0,90.86,2251.84,209.07,306.89,174.63,190.53,656.66,2252.65,48,56,37,65,2502302,26022817,,92,92,Corso Italia-Davenport,Corso Italia-Davenport (92),Not an NIA or Emerging Neighbourhood,,17825761.0,Corso Italia-Davenport
1488000.0,1488000.0,1488000.0,DUPLEX_TRIPLEX_FOURPLEX,DUPLEX_TRIPLEX_FOURPLEX,Little Portugal,43.649376,-79.4284827,2,0,4,1750.0,374.18,1063.13,323.47,924.39,537.87,67.43,162.89,1331.98,107,68,41,104,2502263,26022778,,84,84,Little Portugal,Little Portugal (84),Not an NIA or Emerging Neighbourhood,,17826385.0,Little Portugal
1500000.0,1500000.0,1500000.0,DUPLEX_TRIPLEX_FOURPLEX,DUPLEX_TRIPLEX_FOURPLEX,High Park North,43.6580982,-79.4590976,4,0,4,2250.0,211.49,1898.46,214.66,830.54,466.42,348.2,535.82,283.89,44,49,35,100,2502267,26022782,,88,88,High Park North,High Park North (88),Not an NIA or Emerging Neighbourhood,,17826321.0,High Park North
1499000.0,1499000.0,1499000.0,DUPLEX_TRIPLEX_FOURPLEX,DUPLEX_TRIPLEX_FOURPLEX,Niagara,43.6412598,-79.404845,4,0,2,1750.0,404.78,1126.14,317.87,423.63,237.99,222.2,247.67,1763.69,124,72,33,44,2502323,26022838,,162,162,West Queen West,West Queen West (162),Not an NIA or Emerging Neighbourhood,,17825425.0,West Queen West
1499000.0,1499000.0,1499000.0,DUPLEX_TRIPLEX_FOURPLEX,DUPLEX_TRIPLEX_FOURPLEX,High Park North,43.6613467,-79.4631075,3,1,4,1750.0,276.89,1479.28,121.98,347.85,562.4,461.77,548.09,702.35,61,50,30,100,2502267,26022782,,88,88,High Park North,High Park North (88),Not an NIA or Emerging Neighbourhood,,17826321.0,High Park North
1425000.0,1425000.0,1425000.0,DUPLEX_TRIPLEX_FOURPLEX,DUPLEX_TRIPLEX_FOURPLEX,Kensington Chinatown,43.6486337,-79.3996693,3,0,1,1300.0,344.05,713.32,161.55,610.6,215.39,227.55,163.52,1083.44,362,83,56,81,2502286,26022801,,78,78,Kensington-Chinatown,Kensington-Chinatown (78),Not an NIA or Emerging Neighbourhood,,17826017.0,Kensington-Chinatown
1499000.0,1499000.0,1499000.0,DUPLEX_TRIPLEX_FOURPLEX,DUPLEX_TRIPLEX_FOURPLEX,Moss Park,43.657699,-79.3689042,4,1,4,2250.0,301.49,846.91,99.06,464.7,407.27,281.2,295.15,983.4,122,98,63,83,2502284,26022799,,73,73,Moss Park,Moss Park (73),Not an NIA or Emerging Neighbourhood,,17826049.0,Moss Park
1499000.0,1499000.0,1499000.0,DUPLEX_TRIPLEX_FOURPLEX,DUPLEX_TRIPLEX_FOURPLEX,Cabbagetown South St James Town,43.6693357,-79.3652552,4,0,3,1750.0,249.4,920.47,247.37,763.64,565.42,358.1,370.3,554.27,48,99,51,85,2502282,26022797,,71,71,Cabbagetown-South St.James Town,Cabbagetown-South St.James Town (71),Not an NIA or Emerging Neighbourhood,,17826081.0,Cabbagetown-South St.James Town
1500000.0,1500000.0,1500000.0,DUPLEX_TRIPLEX_FOURPLEX,DUPLEX_TRIPLEX_FOURPLEX,Trinity Bellwoods,43.6539945,-79.4215053,4,1,3,1750.0,168.01,1243.63,153.6,164.74,162.49,208.58,171.15,1009.81,139,75,52,106,2502261,26022776,,81,81,Trinity-Bellwoods,Trinity-Bellwoods (81),Not an NIA or Emerging Neighbourhood,,17826417.0,Trinity-Bellwoods
1599000.0,1599000.0,1599000.0,DUPLEX_TRIPLEX_FOURPLEX,DUPLEX_TRIPLEX_FOURPLEX,Junction Area,43.6608744,-79.4697654,8,0,3,2750.0,125.36,987.86,290.95,391.75,531.79,524.55,388.96,813.41,51,52,35,67,2502300,26022815,,90,90,Junction Area,Junction Area (90),Not an NIA or Emerging Neighbourhood,,17825793.0,Junction Area
1550000.0,1550000.0,1550000.0,DUPLEX_TRIPLEX_FOURPLEX,DUPLEX_TRIPLEX_FOURPLEX,South Parkdale,43.6355652,-79.4276225,6,1,4,2250.0,628.36,445.28,264.07,752.38,698.31,382.12,598.1,2816.48,58,54,16,103,2502264,26022779,,85,85,South Parkdale,South Parkdale (85),Neighbourhood Improvement Area,NIA,17826369.0,South Parkdale
1549900.0,1549900.0,1549900.0,DUPLEX_TRIPLEX_FOURPLEX,DUPLEX_TRIPLEX_FOURPLEX,High Park North,43.6567573,-79.4584644,4,0,4,2750.0,265.42,1950.37,229.12,974.69,355.56,206.07,507.86,159.71,31,43,36,100,2502267,26022782,,88,88,High Park North,High Park North (88),Not an NIA or Emerging Neighbourhood,,17826321.0,High Park North
1579000.0,1579000.0,1579000.0,DUPLEX_TRIPLEX_FOURPLEX,DUPLEX_TRIPLEX_FOURPLEX,Dovercourt Wallace Emerson Junction,43.6680967,-79.4372397,5,0,3,2250.0,191.6,2044.69,187.05,946.04,373.0,293.03,296.78,883.67,31,61,43,3,2502364,26022879,,172,172,Dovercourt Village,Dovercourt Village (172),Not an NIA or Emerging Neighbourhood,,17824769.0,Dovercourt Village
1650000.0,1650000.0,1650000.0,DUPLEX_TRIPLEX_FOURPLEX,DUPLEX_TRIPLEX_FOURPLEX,Junction Area,43.6664042,-79.4629175,4,1,4,2250.0,257.41,1467.16,222.89,434.41,379.36,103.88,452.15,1234.38,65,55,34,67,2502300,26022815,,90,90,Junction Area,Junction Area (90),Not an NIA or Emerging Neighbourhood,,17825793.0,Junction Area
1649000.0,1649000.0,1649000.0,DUPLEX_TRIPLEX_FOURPLEX,DUPLEX_TRIPLEX_FOURPLEX,South Parkdale,43.6376283,-79.4428458,3,1,4,2250.0,216.22,641.67,165.85,914.96,528.61,325.96,495.99,2298.38,46,41,18,103,2502264,26022779,,85,85,South Parkdale,South Parkdale (85),Neighbourhood Improvement Area,NIA,17826369.0,South Parkdale
1699000.0,1699000.0,1699000.0,DUPLEX_TRIPLEX_FOURPLEX,DUPLEX_TRIPLEX_FOURPLEX,South Parkdale,43.63761,-79.431447,3,1,4,2250.0,295.59,287.24,149.69,418.33,558.76,340.53,437.17,2538.82,61,56,21,103,2502264,26022779,,85,85,South Parkdale,South Parkdale (85),Neighbourhood Improvement Area,NIA,17826369.0,South Parkdale
1529000.0,1529000.0,1529000.0,DUPLEX_TRIPLEX_FOURPLEX,DUPLEX_TRIPLEX_FOURPLEX,East End Danforth,43.6824515,-79.2850171,5,1,4,2250.0,289.76,3315.56,301.46,1166.28,181.55,204.13,592.92,1414.99,14,41,28,94,2502273,26022788,,62,62,East End-Danforth,East End-Danforth (62),Not an NIA or Emerging Neighbourhood,,17826225.0,East End-Danforth
1550000.0,1550000.0,1550000.0,DUPLEX_TRIPLEX_FOURPLEX,DUPLEX_TRIPLEX_FOURPLEX,The Beaches,43.6700055,-79.306641,4,1,3,1750.0,334.1,2660.26,270.63,656.5,180.33,369.16,133.15,1886.92,28,47,26,93,2502274,26022789,,63,63,The Beaches,The Beaches (63),Not an NIA or Emerging Neighbourhood,,17826209.0,The Beaches
1575000.0,1575000.0,1575000.0,DUPLEX_TRIPLEX_FOURPLEX,DUPLEX_TRIPLEX_FOURPLEX,South Riverdale,43.6653624,-79.332666,4,2,5,700.0,79.66,1765.57,60.43,163.45,541.66,271.15,278.61,1789.8,51,61,31,86,2502281,26022796,,70,70,South Riverdale,South Riverdale (70),Not an NIA or Emerging Neighbourhood,,17826097.0,South Riverdale
1599000.0,1599000.0,1599000.0,DUPLEX_TRIPLEX_FOURPLEX,DUPLEX_TRIPLEX_FOURPLEX,Little Portugal,43.6491236,-79.4293908,3,1,3,2250.0,347.73,1101.11,360.59,911.81,526.61,27.2,207.11,1329.32,106,67,39,104,2502263,26022778,,84,84,Little Portugal,Little Portugal (84),Not an NIA or Emerging Neighbourhood,,17826385.0,Little Portugal
1729000.0,1729000.0,1729000.0,DUPLEX_TRIPLEX_FOURPLEX,DUPLEX_TRIPLEX_FOURPLEX,Cabbagetown South St James Town,43.6676642,-79.3657408,3,1,2,2750.0,118.96,909.85,357.01,674.36,379.99,278.42,274.52,701.1,48,101,54,85,2502282,26022797,,71,71,Cabbagetown-South St.James Town,Cabbagetown-South St.James Town (71),Not an NIA or Emerging Neighbourhood,,17826081.0,Cabbagetown-South St.James Town
1799000.0,1799000.0,1799000.0,DUPLEX_TRIPLEX_FOURPLEX,DUPLEX_TRIPLEX_FOURPLEX,Annex,43.6752867,-79.3925189,5,1,3,1750.0,258.01,1400.5,64.03,487.31,288.51,255.44,420.3,346.81,111,94,68,63,2502304,26022819,,95,95,Annex,Annex (95),Not an NIA or Emerging Neighbourhood,,17825729.0,Annex
1999000.0,1999000.0,1999000.0,DUPLEX_TRIPLEX_FOURPLEX,DUPLEX_TRIPLEX_FOURPLEX,High Park Swansea,43.6490126,-79.4828281,5,1,2,2250.0,253.85,1730.0,193.92,431.05,63.48,77.17,374.41,129.77,33,49,21,101,2502266,26022781,,87,87,High Park-Swansea,High Park-Swansea (87),Not an NIA or Emerging Neighbourhood,,17826337.0,High Park-Swansea
1899000.0,1899000.0,1899000.0,DUPLEX_TRIPLEX_FOURPLEX,DUPLEX_TRIPLEX_FOURPLEX,Moss Park,43.6601161,-79.3687588,5,1,3,2250.0,165.1,1024.43,245.49,199.39,315.71,210.39,254.45,1063.81,104,101,65,83,2502284,26022799,,73,73,Moss Park,Moss Park (73),Not an NIA or Emerging Neighbourhood,,17826049.0,Moss Park
1790000.0,1790000.0,1790000.0,DUPLEX_TRIPLEX_FOURPLEX,DUPLEX_TRIPLEX_FOURPLEX,Corso Italia Davenport,43.6745859,-79.4413794,8,0,7,4250.0,139.04,2106.98,399.94,282.0,414.83,236.58,783.83,1663.92,45,60,36,65,2502302,26022817,,92,92,Corso Italia-Davenport,Corso Italia-Davenport (92),Not an NIA or Emerging Neighbourhood,,17825761.0,Corso Italia-Davenport
1988800.0,1988800.0,1988800.0,DUPLEX_TRIPLEX_FOURPLEX,DUPLEX_TRIPLEX_FOURPLEX,Palmerston Little Italy,43.6560206,-79.4188727,4,1,3,1750.0,295.9,1113.42,321.24,145.04,155.38,193.1,208.42,899.94,161,75,58,79,2502288,26022803,,80,80,Palmerston-Little Italy,Palmerston-Little Italy (80),Not an NIA or Emerging Neighbourhood,,17825985.0,Palmerston-Little Italy
1999000.0,1999000.0,1999000.0,DUPLEX_TRIPLEX_FOURPLEX,DUPLEX_TRIPLEX_FOURPLEX,High Park Swansea,43.6451123,-79.451443,5,1,4,2750.0,282.91,543.77,705.27,207.04,213.66,360.71,234.29,1321.11,40,47,25,101,2502266,26022781,,87,87,High Park-Swansea,High Park-Swansea (87),Not an NIA or Emerging Neighbourhood,,17826337.0,High Park-Swansea
1949999.0,1949999.0,1949999.0,DUPLEX_TRIPLEX_FOURPLEX,DUPLEX_TRIPLEX_FOURPLEX,Lawrence Park South,43.7124295,-79.4119687,4,1,5,2250.0,339.35,2705.02,291.95,1084.08,923.44,952.62,958.6,1247.8,17,55,48,55,2502312,26022827,,103,103,Lawrence Park South,Lawrence Park South (103),Not an NIA or Emerging Neighbourhood,,17825601.0,Lawrence Park South
1889000.0,1889000.0,1889000.0,DUPLEX_TRIPLEX_FOURPLEX,DUPLEX_TRIPLEX_FOURPLEX,Roncesvalles,43.6400192,-79.4448989,6,0,4,2750.0,290.06,401.98,108.64,651.97,591.72,113.33,419.34,1991.96,49,41,19,102,2502265,26022780,,86,86,Roncesvalles,Roncesvalles (86),Not an NIA or Emerging Neighbourhood,,17826353.0,Roncesvalles
1999000.0,1999000.0,1999000.0,DUPLEX_TRIPLEX_FOURPLEX,DUPLEX_TRIPLEX_FOURPLEX,High Park Swansea,43.6442825,-79.4557166,5,1,4,2750.0,502.99,641.7,637.65,558.91,557.41,653.54,590.32,1292.91,31,49,22,101,2502266,26022781,,87,87,High Park-Swansea,High Park-Swansea (87),Not an NIA or Emerging Neighbourhood,,17826337.0,High Park-Swansea
1799000.0,1799000.0,1799000.0,DUPLEX_TRIPLEX_FOURPLEX,DUPLEX_TRIPLEX_FOURPLEX,Kensington-Chinatown,43.6530566,-79.3998203,3,0,2,1750.0,285.22,458.34,207.89,468.97,118.08,92.65,157.33,949.42,349,94,74,81,2502286,26022801,,78,78,Kensington-Chinatown,Kensington-Chinatown (78),Not an NIA or Emerging Neighbourhood,,17826017.0,Kensington-Chinatown
2250000.0,2250000.0,2250000.0,DUPLEX_TRIPLEX_FOURPLEX,DUPLEX_TRIPLEX_FOURPLEX,Palmerston Little Italy,43.6625869,-79.4210188,4,1,4,2250.0,96.89,1608.67,61.05,620.38,397.42,36.07,391.52,270.25,130,74,63,79,2502288,26022803,,80,80,Palmerston-Little Italy,Palmerston-Little Italy (80),Not an NIA or Emerging Neighbourhood,,17825985.0,Palmerston-Little Italy
2249100.0,2249100.0,2249100.0,DUPLEX_TRIPLEX_FOURPLEX,DUPLEX_TRIPLEX_FOURPLEX,Yonge-St. Clair,43.695842,-79.4021059,6,2,6,4250.0,434.38,2291.43,216.6,1117.84,580.3,498.31,533.27,451.74,30,61,47,61,2502306,26022821,,97,97,Yonge-St.Clair,Yonge-St.Clair (97),Not an NIA or Emerging Neighbourhood,,17825697.0,Yonge-St.Clair
2389000.0,2389000.0,2389000.0,DUPLEX_TRIPLEX_FOURPLEX,DUPLEX_TRIPLEX_FOURPLEX,Kensington Chinatown,43.6523291,-79.3946436,2,1,5,2750.0,260.39,613.13,195.82,696.9,169.71,157.26,138.53,582.54,383,92,74,81,2502286,26022801,,78,78,Kensington-Chinatown,Kensington-Chinatown (78),Not an NIA or Emerging Neighbourhood,,17826017.0,Kensington-Chinatown
2498000.0,2498000.0,2498000.0,DUPLEX_TRIPLEX_FOURPLEX,DUPLEX_TRIPLEX_FOURPLEX,Dovercourt-Wallace Emerson-Junction,43.6694897,-79.4324791,2,0,2,700.0,78.09,1638.48,153.4,654.62,775.51,278.07,707.12,932.7,31,63,47,3,2502364,26022879,,172,172,Dovercourt Village,Dovercourt Village (172),Not an NIA or Emerging Neighbourhood,,17824769.0,Dovercourt Village
2295000.0,2295000.0,2295000.0,DUPLEX_TRIPLEX_FOURPLEX,DUPLEX_TRIPLEX_FOURPLEX,High Park Swansea,43.6473901,-79.4849558,6,0,5,2250.0,130.57,1930.76,308.06,572.13,303.49,233.74,617.25,294.89,30,47,22,101,2502266,26022781,,87,87,High Park-Swansea,High Park-Swansea (87),Not an NIA or Emerging Neighbourhood,,17826337.0,High Park-Swansea
2148888.0,2148888.0,2148888.0,DUPLEX_TRIPLEX_FOURPLEX,DUPLEX_TRIPLEX_FOURPLEX,Corso Italia Davenport,43.6779982,-79.4404395,8,0,4,4250.0,180.81,2003.7,95.64,192.84,202.46,216.59,635.81,2013.45,58,57,41,65,2502302,26022817,,92,92,Corso Italia-Davenport,Corso Italia-Davenport (92),Not an NIA or Emerging Neighbourhood,,17825761.0,Corso Italia-Davenport
2275000.0,2275000.0,2275000.0,DUPLEX_TRIPLEX_FOURPLEX,DUPLEX_TRIPLEX_FOURPLEX,Trinity Bellwoods,43.6536547,-79.4134565,7,0,5,4250.0,192.04,641.4,188.56,566.01,188.41,195.08,481.32,1228.27,185,76,66,106,2502261,26022776,,81,81,Trinity-Bellwoods,Trinity-Bellwoods (81),Not an NIA or Emerging Neighbourhood,,17826417.0,Trinity-Bellwoods
2499000.0,2499000.0,2499000.0,DUPLEX_TRIPLEX_FOURPLEX,DUPLEX_TRIPLEX_FOURPLEX,The Beaches,43.6690257,-79.2961408,4,0,3,2250.0,359.32,3281.56,200.57,223.46,190.5,333.31,214.43,2269.42,34,36,20,93,2502274,26022789,,63,63,The Beaches,The Beaches (63),Not an NIA or Emerging Neighbourhood,,17826209.0,The Beaches
2150000.0,2150000.0,2150000.0,DUPLEX_TRIPLEX_FOURPLEX,DUPLEX_TRIPLEX_FOURPLEX,Annex,43.6739568,-79.3954711,5,0,3,2250.0,289.04,1447.37,153.86,594.25,98.01,92.14,216.34,592.38,105,94,67,63,2502304,26022819,,95,95,Annex,Annex (95),Not an NIA or Emerging Neighbourhood,,17825729.0,Annex
2324900.0,2324900.0,2324900.0,DUPLEX_TRIPLEX_FOURPLEX,DUPLEX_TRIPLEX_FOURPLEX,Annex,43.6712247,-79.4066813,8,0,6,4250.0,190.56,1009.41,171.89,428.63,528.87,428.07,574.98,338.21,104,91,61,63,2502304,26022819,,95,95,Annex,Annex (95),Not an NIA or Emerging Neighbourhood,,17825729.0,Annex
2499900.0,2499900.0,2499900.0,DUPLEX_TRIPLEX_FOURPLEX,DUPLEX_TRIPLEX_FOURPLEX,Regent Park,43.6582673,-79.3571748,4,2,5,2250.0,271.75,924.8,126.76,778.44,347.64,200.0,313.18,1889.09,65,88,49,84,2502283,26022798,,72,72,Regent Park,Regent Park (72),Neighbourhood Improvement Area,NIA,17826065.0,Regent Park
2500000.0,2500000.0,2500000.0,DUPLEX_TRIPLEX_FOURPLEX,DUPLEX_TRIPLEX_FOURPLEX,Annex,43.6733743,-79.4042803,4,1,4,2750.0,345.25,1022.65,421.67,634.88,642.73,346.34,271.59,262.92,78,93,64,63,2502304,26022819,,95,95,Annex,Annex (95),Not an NIA or Emerging Neighbourhood,,17825729.0,Annex
2300000.0,2300000.0,2300000.0,DUPLEX_TRIPLEX_FOURPLEX,DUPLEX_TRIPLEX_FOURPLEX,Moss Park,43.6616298,-79.371158,10,0,4,1750.0,349.75,975.05,256.97,252.6,367.84,77.43,340.09,942.29,124,99,68,83,2502284,26022799,,73,73,Moss Park,Moss Park (73),Not an NIA or Emerging Neighbourhood,,17826049.0,Moss Park
2550000.0,2550000.0,2550000.0,DUPLEX_TRIPLEX_FOURPLEX,DUPLEX_TRIPLEX_FOURPLEX,The Beaches,43.6719786,-79.2932917,4,1,3,2750.0,133.21,3234.52,56.54,466.16,272.65,67.17,128.97,2012.4,38,36,22,93,2502274,26022789,,63,63,The Beaches,The Beaches (63),Not an NIA or Emerging Neighbourhood,,17826209.0,The Beaches
2999000.0,2999000.0,2999000.0,DUPLEX_TRIPLEX_FOURPLEX,DUPLEX_TRIPLEX_FOURPLEX,University,43.6644039,-79.4078111,8,4,6,2750.0,183.14,908.49,194.67,444.72,156.78,321.88,134.48,323.68,150,85,68,80,2502287,26022802,,79,79,University,University (79),Not an NIA or Emerging Neighbourhood,,17826001.0,University
2900000.0,2900000.0,2900000.0,DUPLEX_TRIPLEX_FOURPLEX,DUPLEX_TRIPLEX_FOURPLEX,Annex,43.6789794,-79.3920334,5,0,4,2250.0,326.98,1731.55,195.85,831.06,141.68,244.66,813.17,324.27,72,83,59,63,2502304,26022819,,95,95,Annex,Annex (95),Not an NIA or Emerging Neighbourhood,,17825729.0,Annex
2990000.0,2990000.0,2990000.0,DUPLEX_TRIPLEX_FOURPLEX,DUPLEX_TRIPLEX_FOURPLEX,Lawrence Park North,43.7276772,-79.4012861,12,0,3,2750.0,82.09,2272.82,125.23,313.36,119.1,226.85,176.78,175.93,17,43,27,54,2502313,26022828,,105,105,Lawrence Park North,Lawrence Park North (105),Not an NIA or Emerging Neighbourhood,,17825585.0,Lawrence Park North
2999999.0,2999999.0,2999999.0,DUPLEX_TRIPLEX_FOURPLEX,DUPLEX_TRIPLEX_FOURPLEX,Mount Pleasant East,43.7075824,-79.3796329,8,1,5,4250.0,345.55,1317.49,340.57,797.1,280.54,315.58,266.73,1525.06,47,45,36,59,2502308,26022823,,99,99,Mount Pleasant East,Mount Pleasant East (99),Not an NIA or Emerging Neighbourhood,,17825665.0,Mount Pleasant East
2599800.0,2599800.0,2599800.0,DUPLEX_TRIPLEX_FOURPLEX,DUPLEX_TRIPLEX_FOURPLEX,Greenwood Coxwell,43.664097,-79.3257047,7,6,6,5000.0,381.16,2335.68,161.74,738.57,703.17,530.0,401.8,2085.49,40,53,27,91,2502276,26022791,,65,65,Greenwood-Coxwell,Greenwood-Coxwell (65),Not an NIA or Emerging Neighbourhood,,17826177.0,Greenwood-Coxwell
2999999.0,2999999.0,2999999.0,DUPLEX_TRIPLEX_FOURPLEX,DUPLEX_TRIPLEX_FOURPLEX,University,43.6637335,-79.4050375,5,2,3,1750.0,285.97,696.77,160.3,439.01,364.07,222.84,271.88,535.18,175,92,70,80,2502287,26022802,,79,79,University,University (79),Not an NIA or Emerging Neighbourhood,,17826001.0,University
2999900.0,2999900.0,2999900.0,DUPLEX_TRIPLEX_FOURPLEX,DUPLEX_TRIPLEX_FOURPLEX,Trinity Bellwoods,43.6483932,-79.4223134,4,1,5,2250.0,374.89,668.38,142.56,768.33,126.64,108.65,130.0,1588.29,128,74,40,106,2502261,26022776,,81,81,Trinity-Bellwoods,Trinity-Bellwoods (81),Not an NIA or Emerging Neighbourhood,,17826417.0,Trinity-Bellwoods
2795000.0,2795000.0,2795000.0,DUPLEX_TRIPLEX_FOURPLEX,DUPLEX_TRIPLEX_FOURPLEX,Roncesvalles,43.6431314,-79.4327745,7,0,5,2750.0,323.86,867.05,279.35,207.22,438.0,388.68,355.13,1916.56,82,56,29,102,2502265,26022780,,86,86,Roncesvalles,Roncesvalles (86),Not an NIA or Emerging Neighbourhood,,17826353.0,Roncesvalles
3490000.0,3490000.0,3490000.0,DUPLEX_TRIPLEX_FOURPLEX,DUPLEX_TRIPLEX_FOURPLEX,Trinity Bellwoods,43.6467027,-79.4202212,6,0,5,5000.0,210.99,430.59,178.98,937.08,281.43,107.03,63.4,1811.01,142,75,36,106,2502261,26022776,,81,81,Trinity-Bellwoods,Trinity-Bellwoods (81),Not an NIA or Emerging Neighbourhood,,17826417.0,Trinity-Bellwoods
3495000.0,3495000.0,3495000.0,DUPLEX_TRIPLEX_FOURPLEX,DUPLEX_TRIPLEX_FOURPLEX,Yonge Eglinton,43.7025019,-79.4062317,6,1,6,4250.0,278.37,2861.25,416.99,821.72,297.77,258.02,548.51,776.72,62,52,46,58,2502309,26022824,,100,100,Yonge-Eglinton,Yonge-Eglinton (100),Not an NIA or Emerging Neighbourhood,,17825649.0,Yonge-Eglinton
3498000.0,3498000.0,3498000.0,DUPLEX_TRIPLEX_FOURPLEX,DUPLEX_TRIPLEX_FOURPLEX,Dufferin Grove,43.6544405,-79.4411315,9,2,8,4250.0,228.87,1716.81,162.23,837.44,453.14,473.38,497.34,536.18,73,67,42,105,2502262,26022777,,83,83,Dufferin Grove,Dufferin Grove (83),Not an NIA or Emerging Neighbourhood,,17826401.0,Dufferin Grove
3498000.0,3498000.0,3498000.0,DUPLEX_TRIPLEX_FOURPLEX,DUPLEX_TRIPLEX_FOURPLEX,Dufferin Grove,43.6543778,-79.4411099,8,2,9,2250.0,221.97,1711.17,157.05,841.34,452.41,480.53,498.63,543.36,73,67,42,105,2502262,26022777,,83,83,Dufferin Grove,Dufferin Grove (83),Not an NIA or Emerging Neighbourhood,,17826401.0,Dufferin Grove
3995000.0,3995000.0,3995000.0,DUPLEX_TRIPLEX_FOURPLEX,DUPLEX_TRIPLEX_FOURPLEX,University,43.6634558,-79.4034727,5,1,3,2250.0,309.53,594.45,262.61,477.6,378.77,208.2,323.4,573.99,194,93,76,80,2502287,26022802,,79,79,University,University (79),Not an NIA or Emerging Neighbourhood,,17826001.0,University
3299000.0,3299000.0,3299000.0,DUPLEX_TRIPLEX_FOURPLEX,DUPLEX_TRIPLEX_FOURPLEX,Wychwood,43.6744092,-79.4325681,4,4,11,3250.0,319.41,1417.35,241.53,336.56,605.87,658.18,746.16,1428.77,57,69,38,64,2502303,26022818,,94,94,Wychwood,Wychwood (94),Not an NIA or Emerging Neighbourhood,,17825745.0,Wychwood
4500000.0,4500000.0,4500000.0,DUPLEX_TRIPLEX_FOURPLEX,DUPLEX_TRIPLEX_FOURPLEX,Rosedale Moore Park,43.6890325,-79.3919798,4,1,4,2250.0,76.83,2276.8,286.77,57.06,90.1,152.2,114.74,182.95,31,74,34,60,2502307,26022822,,98,98,Rosedale-Moore Park,Rosedale-Moore Park (98),Not an NIA or Emerging Neighbourhood,,17825681.0,Rosedale-Moore Park
5500000.0,5500000.0,5500000.0,DUPLEX_TRIPLEX_FOURPLEX,DUPLEX_TRIPLEX_FOURPLEX,Niagara,43.64415,-79.4090971,8,1,9,4250.0,71.92,777.59,128.09,888.93,415.73,282.78,415.16,1959.81,146,79,39,44,2502323,26022838,,162,162,West Queen West,West Queen West (162),Not an NIA or Emerging Neighbourhood,,17825425.0,West Queen West
8875000.0,8875000.0,8875000.0,DUPLEX_TRIPLEX_FOURPLEX,DUPLEX_TRIPLEX_FOURPLEX,Dovercourt Wallace Emerson Junction,43.6640481,-79.4456995,6,0,5,5000.0,482.15,2655.76,215.29,364.13,460.63,209.24,319.9,596.86,42,52,43,4,2502363,26022878,,171,171,Junction-Wallace Emerson,Junction-Wallace Emerson (171),Not an NIA or Emerging Neighbourhood,,17824785.0,Junction-Wallace Emerson
781000.0,649995.0,781000.0,DUPLEX_TRIPLEX_FOURPLEX,DUPLEX_TRIPLEX_FOURPLEX,Wychwood,43.6754503,-79.4226724,3,0,3,1300.0,430.22,625.03,160.45,469.9,824.17,720.82,393.26,1216.19,57,81,51,64,2502303,26022818,,94,94,Wychwood,Wychwood (94),Not an NIA or Emerging Neighbourhood,,17825745.0,Wychwood
761000.0,799000.0,761000.0,DUPLEX_TRIPLEX_FOURPLEX,DUPLEX_TRIPLEX_FOURPLEX,Wychwood,43.6754963,-79.4226909,3,0,2,900.0,431.95,624.41,157.23,469.53,819.61,715.53,398.57,1212.46,56,80,51,64,2502303,26022818,,94,94,Wychwood,Wychwood (94),Not an NIA or Emerging Neighbourhood,,17825745.0,Wychwood
821000.0,855000.0,821000.0,DUPLEX_TRIPLEX_FOURPLEX,DUPLEX_TRIPLEX_FOURPLEX,Corso Italia Davenport,43.6837607,-79.4450176,3,0,4,1300.0,400.71,2466.41,503.41,626.22,610.59,302.58,614.7,1864.74,48,56,33,65,2502302,26022817,,92,92,Corso Italia-Davenport,Corso Italia-Davenport (92),Not an NIA or Emerging Neighbourhood,,17825761.0,Corso Italia-Davenport
845000.0,899000.0,845000.0,DUPLEX_TRIPLEX_FOURPLEX,DUPLEX_TRIPLEX_FOURPLEX,Woodbine Corridor,43.6725075,-79.317264,3,1,2,1300.0,427.21,2034.21,157.87,384.17,148.24,172.22,195.05,1375.73,23,54,33,92,2502275,26022790,,64,64,Woodbine Corridor,Woodbine Corridor (64),Not an NIA or Emerging Neighbourhood,,17826193.0,Woodbine Corridor
910000.0,1099000.0,910000.0,DUPLEX_TRIPLEX_FOURPLEX,DUPLEX_TRIPLEX_FOURPLEX,Woodbine Corridor,43.6782037,-79.3185054,3,0,4,1750.0,84.66,1403.68,93.85,652.78,603.74,537.42,512.03,755.44,38,62,36,92,2502275,26022790,,64,64,Woodbine Corridor,Woodbine Corridor (64),Not an NIA or Emerging Neighbourhood,,17826193.0,Woodbine Corridor
1000000.0,1099000.0,1000000.0,DUPLEX_TRIPLEX_FOURPLEX,DUPLEX_TRIPLEX_FOURPLEX,Trinity Bellwoods,43.650084,-79.4179817,5,0,3,1300.0,298.68,788.83,144.83,588.55,149.53,309.94,419.19,1523.13,154,74,41,106,2502261,26022776,,81,81,Trinity-Bellwoods,Trinity-Bellwoods (81),Not an NIA or Emerging Neighbourhood,,17826417.0,Trinity-Bellwoods
960000.0,1099000.0,960000.0,DUPLEX_TRIPLEX_FOURPLEX,DUPLEX_TRIPLEX_FOURPLEX,Blake Jones,43.6705442,-79.3406118,2,0,2,900.0,105.29,1215.07,131.43,706.0,135.98,302.37,150.86,1098.35,28,63,36,87,2502280,26022795,,69,69,Blake-Jones,Blake-Jones (69),Not an NIA or Emerging Neighbourhood,,17826113.0,Blake-Jones
925000.0,949900.0,925000.0,DUPLEX_TRIPLEX_FOURPLEX,DUPLEX_TRIPLEX_FOURPLEX,Greenwood Coxwell,43.6644494,-79.3218788,2,1,3,1300.0,194.26,2638.37,159.14,889.72,871.36,301.59,644.34,2123.75,38,51,22,91,2502276,26022791,,65,65,Greenwood-Coxwell,Greenwood-Coxwell (65),Not an NIA or Emerging Neighbourhood,,17826177.0,Greenwood-Coxwell
910000.0,975000.0,910000.0,DUPLEX_TRIPLEX_FOURPLEX,DUPLEX_TRIPLEX_FOURPLEX,Moss Park,43.6583227,-79.3681624,3,1,3,900.0,294.66,934.78,91.96,390.14,318.59,258.59,254.8,1053.43,105,99,63,83,2502284,26022799,,73,73,Moss Park,Moss Park (73),Not an NIA or Emerging Neighbourhood,,17826049.0,Moss Park
1050000.0,989000.0,1050000.0,DUPLEX_TRIPLEX_FOURPLEX,DUPLEX_TRIPLEX_FOURPLEX,The Beaches,43.6744428,-79.2860516,2,0,2,1300.0,193.83,3569.83,486.14,1109.63,694.06,695.37,131.1,2049.86,29,28,19,93,2502274,26022789,,63,63,The Beaches,The Beaches (63),Not an NIA or Emerging Neighbourhood,,17826209.0,The Beaches
1068925.0,1149990.0,1068925.0,DUPLEX_TRIPLEX_FOURPLEX,DUPLEX_TRIPLEX_FOURPLEX,South Riverdale,43.66181,-79.3513422,4,1,4,1750.0,93.24,569.56,223.13,412.02,400.0,419.43,354.49,1775.64,47,81,35,86,2502281,26022796,,70,70,South Riverdale,South Riverdale (70),Not an NIA or Emerging Neighbourhood,,17826097.0,South Riverdale
1060000.0,1075000.0,1060000.0,DUPLEX_TRIPLEX_FOURPLEX,DUPLEX_TRIPLEX_FOURPLEX,The Beaches,43.6732735,-79.3073234,4,1,2,1750.0,355.88,2332.26,369.77,793.49,527.75,441.05,499.01,1522.07,30,54,30,93,2502274,26022789,,63,63,The Beaches,The Beaches (63),Not an NIA or Emerging Neighbourhood,,17826209.0,The Beaches
1100000.0,1350000.0,1100000.0,DUPLEX_TRIPLEX_FOURPLEX,DUPLEX_TRIPLEX_FOURPLEX,Moss Park,43.6572341,-79.3668168,3,1,4,1750.0,297.48,970.51,79.3,520.28,335.11,105.5,122.99,1124.97,100,94,58,83,2502284,26022799,,73,73,Moss Park,Moss Park (73),Not an NIA or Emerging Neighbourhood,,17826049.0,Moss Park
1090000.0,1149000.0,1090000.0,DUPLEX_TRIPLEX_FOURPLEX,DUPLEX_TRIPLEX_FOURPLEX,Rockcliffe-Smythe,43.6767968,-79.4750111,6,0,3,3250.0,281.85,1447.56,174.89,1079.57,608.33,435.14,521.58,2632.56,17,56,34,77,2502290,26022805,,111,111,Rockcliffe-Smythe,Rockcliffe-Smythe (111),Neighbourhood Improvement Area,NIA,17825953.0,Rockcliffe-Smythe
1049999.0,1075000.0,1049999.0,DUPLEX_TRIPLEX_FOURPLEX,DUPLEX_TRIPLEX_FOURPLEX,Weston Pellam Park,43.6739069,-79.4584273,3,0,4,1300.0,52.36,2092.46,171.67,180.64,710.46,88.9,174.02,1936.08,30,57,37,66,2502301,26022816,,91,91,Weston-Pelham Park,Weston-Pelham Park (91),Neighbourhood Improvement Area,NIA,17825777.0,Weston-Pelham Park
1100000.0,1300000.0,1100000.0,DUPLEX_TRIPLEX_FOURPLEX,DUPLEX_TRIPLEX_FOURPLEX,Junction Area,43.6624466,-79.4686191,4,0,3,2250.0,322.52,1019.63,446.42,209.69,336.37,354.75,202.58,964.42,48,52,34,67,2502300,26022815,,90,90,Junction Area,Junction Area (90),Not an NIA or Emerging Neighbourhood,,17825793.0,Junction Area
1030000.0,1199999.0,1030000.0,DUPLEX_TRIPLEX_FOURPLEX,DUPLEX_TRIPLEX_FOURPLEX,Annex,43.6708272,-79.413188,4,3,4,1750.0,238.91,783.14,167.41,640.32,333.38,519.69,52.11,566.49,99,81,60,63,2502304,26022819,,95,95,Annex,Annex (95),Not an NIA or Emerging Neighbourhood,,17825729.0,Annex
1075000.0,1399000.0,1075000.0,DUPLEX_TRIPLEX_FOURPLEX,DUPLEX_TRIPLEX_FOURPLEX,Little Portugal,43.6450514,-79.4240759,4,0,3,1750.0,398.78,493.72,183.44,807.96,286.82,229.27,293.03,1920.76,118,72,35,104,2502263,26022778,,84,84,Little Portugal,Little Portugal (84),Not an NIA or Emerging Neighbourhood,,17826385.0,Little Portugal
1100000.0,1000000.0,1100000.0,DUPLEX_TRIPLEX_FOURPLEX,DUPLEX_TRIPLEX_FOURPLEX,Palmerston Little Italy,43.6579585,-79.4192936,3,1,3,1300.0,88.17,1217.47,168.72,322.68,353.29,409.46,419.72,687.43,144,68,61,79,2502288,26022803,,80,80,Palmerston-Little Italy,Palmerston-Little Italy (80),Not an NIA or Emerging Neighbourhood,,17825985.0,Palmerston-Little Italy
1065000.0,1099000.0,1065000.0,DUPLEX_TRIPLEX_FOURPLEX,DUPLEX_TRIPLEX_FOURPLEX,Greenwood Coxwell,43.6667915,-79.3170293,3,1,3,1750.0,401.93,2651.4,307.8,747.2,686.74,167.45,702.0,1990.11,30,47,22,91,2502276,26022791,,65,65,Greenwood-Coxwell,Greenwood-Coxwell (65),Not an NIA or Emerging Neighbourhood,,17826177.0,Greenwood-Coxwell
1068000.0,1198000.0,1068000.0,DUPLEX_TRIPLEX_FOURPLEX,DUPLEX_TRIPLEX_FOURPLEX,South Riverdale,43.6705402,-79.3369096,4,2,3,1750.0,173.72,1494.45,323.39,542.56,189.67,201.13,192.52,1168.16,36,65,35,86,2502281,26022796,,70,70,South Riverdale,South Riverdale (70),Not an NIA or Emerging Neighbourhood,,17826097.0,South Riverdale
1100000.0,1199000.0,1100000.0,DUPLEX_TRIPLEX_FOURPLEX,DUPLEX_TRIPLEX_FOURPLEX,Wychwood,43.6819164,-79.4194069,6,2,3,2250.0,355.04,566.48,265.65,153.09,94.52,88.32,359.01,475.89,44,70,45,64,2502303,26022818,,94,94,Wychwood,Wychwood (94),Not an NIA or Emerging Neighbourhood,,17825745.0,Wychwood
1076800.0,899000.0,1076800.0,DUPLEX_TRIPLEX_FOURPLEX,DUPLEX_TRIPLEX_FOURPLEX,South Riverdale,43.6682864,-79.332073,4,2,3,1750.0,110.7,1822.2,286.62,322.79,450.59,418.35,397.05,1489.31,51,66,31,86,2502281,26022796,,70,70,South Riverdale,South Riverdale (70),Not an NIA or Emerging Neighbourhood,,17826097.0,South Riverdale
1190000.0,1199900.0,1190000.0,DUPLEX_TRIPLEX_FOURPLEX,DUPLEX_TRIPLEX_FOURPLEX,Corso Italia Davenport,43.6793867,-79.4482497,4,0,3,2250.0,271.07,2638.38,520.24,538.88,277.46,308.0,296.4,2296.93,49,57,37,65,2502302,26022817,,92,92,Corso Italia-Davenport,Corso Italia-Davenport (92),Not an NIA or Emerging Neighbourhood,,17825761.0,Corso Italia-Davenport
1160000.0,1249000.0,1160000.0,DUPLEX_TRIPLEX_FOURPLEX,DUPLEX_TRIPLEX_FOURPLEX,The Beaches,43.6725123,-79.3070978,4,1,4,1750.0,435.05,2410.82,316.57,742.81,444.37,400.4,412.45,1608.41,30,54,30,93,2502274,26022789,,63,63,The Beaches,The Beaches (63),Not an NIA or Emerging Neighbourhood,,17826209.0,The Beaches
1200000.0,1295000.0,1200000.0,DUPLEX_TRIPLEX_FOURPLEX,DUPLEX_TRIPLEX_FOURPLEX,Yonge Eglinton,43.709865,-79.4079451,4,0,2,2250.0,290.03,2931.39,340.61,679.94,620.47,573.08,724.31,828.78,59,52,44,58,2502309,26022824,,100,100,Yonge-Eglinton,Yonge-Eglinton (100),Not an NIA or Emerging Neighbourhood,,17825649.0,Yonge-Eglinton
1175000.0,999000.0,1175000.0,DUPLEX_TRIPLEX_FOURPLEX,DUPLEX_TRIPLEX_FOURPLEX,Dovercourt Wallace Emerson Junction,43.6716843,-79.443688,3,0,3,900.0,277.32,2360.3,71.84,601.04,444.64,458.73,513.54,1399.92,41,57,38,4,2502363,26022878,,171,171,Junction-Wallace Emerson,Junction-Wallace Emerson (171),Not an NIA or Emerging Neighbourhood,,17824785.0,Junction-Wallace Emerson
1189000.0,1188000.0,1189000.0,DUPLEX_TRIPLEX_FOURPLEX,DUPLEX_TRIPLEX_FOURPLEX,South Riverdale,43.6692252,-79.3349123,8,0,4,2750.0,91.55,1612.88,344.09,362.3,230.12,194.26,170.79,1332.46,47,64,32,86,2502281,26022796,,70,70,South Riverdale,South Riverdale (70),Not an NIA or Emerging Neighbourhood,,17826097.0,South Riverdale
1165000.0,1279000.0,1165000.0,DUPLEX_TRIPLEX_FOURPLEX,DUPLEX_TRIPLEX_FOURPLEX,Oakwood Village,43.6974277,-79.4389723,6,1,3,2250.0,349.39,2895.36,323.91,682.28,564.85,54.61,180.15,306.3,46,46,27,52,2502315,26022830,,107,107,Oakwood Village,Oakwood Village (107),Not an NIA or Emerging Neighbourhood,,17825553.0,Oakwood Village
1200000.0,1349990.0,1200000.0,DUPLEX_TRIPLEX_FOURPLEX,DUPLEX_TRIPLEX_FOURPLEX,Trinity Bellwoods,43.6443371,-79.420384,4,0,2,1750.0,301.31,204.54,133.94,1044.27,83.5,119.81,248.43,2062.34,113,67,32,106,2502261,26022776,,81,81,Trinity-Bellwoods,Trinity-Bellwoods (81),Not an NIA or Emerging Neighbourhood,,17826417.0,Trinity-Bellwoods
1175000.0,1249000.0,1175000.0,DUPLEX_TRIPLEX_FOURPLEX,DUPLEX_TRIPLEX_FOURPLEX,Corso Italia Davenport,43.6827551,-79.449428,4,1,4,1750.0,503.91,2784.26,209.85,852.41,649.74,475.25,275.27,2123.35,38,52,33,65,2502302,26022817,,92,92,Corso Italia-Davenport,Corso Italia-Davenport (92),Not an NIA or Emerging Neighbourhood,,17825761.0,Corso Italia-Davenport
1120000.0,1259888.0,1120000.0,DUPLEX_TRIPLEX_FOURPLEX,DUPLEX_TRIPLEX_FOURPLEX,The Beaches,43.6705386,-79.2880361,3,1,3,1300.0,297.88,3668.34,116.59,841.35,673.49,475.51,350.15,2329.58,23,21,20,93,2502274,26022789,,63,63,The Beaches,The Beaches (63),Not an NIA or Emerging Neighbourhood,,17826209.0,The Beaches
1150000.0,1368000.0,1150000.0,DUPLEX_TRIPLEX_FOURPLEX,DUPLEX_TRIPLEX_FOURPLEX,Kensington Chinatown,43.6520798,-79.4032391,3,2,4,1300.0,112.5,238.26,140.56,182.83,405.71,248.67,313.94,1241.97,351,91,62,81,2502286,26022801,,78,78,Kensington-Chinatown,Kensington-Chinatown (78),Not an NIA or Emerging Neighbourhood,,17826017.0,Kensington-Chinatown
1195000.0,1249999.0,1195000.0,DUPLEX_TRIPLEX_FOURPLEX,DUPLEX_TRIPLEX_FOURPLEX,Junction Area,43.6624518,-79.4647563,4,0,1,1750.0,208.13,1324.12,174.21,167.23,385.1,359.89,368.99,871.3,52,49,31,67,2502300,26022815,,90,90,Junction Area,Junction Area (90),Not an NIA or Emerging Neighbourhood,,17825793.0,Junction Area
1250000.0,1400000.0,1250000.0,DUPLEX_TRIPLEX_FOURPLEX,DUPLEX_TRIPLEX_FOURPLEX,Moss Park,43.6604337,-79.375226,4,2,4,1750.0,314.17,769.14,177.07,599.32,360.07,275.81,65.05,609.42,193,102,72,83,2502284,26022799,,73,73,Moss Park,Moss Park (73),Not an NIA or Emerging Neighbourhood,,17826049.0,Moss Park
1275000.0,1199000.0,1275000.0,DUPLEX_TRIPLEX_FOURPLEX,DUPLEX_TRIPLEX_FOURPLEX,Junction Area,43.6697146,-79.4815127,3,2,4,4250.0,624.63,580.09,148.82,927.68,207.63,565.45,48.08,2051.39,33,51,36,67,2502300,26022815,,90,90,Junction Area,Junction Area (90),Not an NIA or Emerging Neighbourhood,,17825793.0,Junction Area
1225000.0,1295000.0,1225000.0,DUPLEX_TRIPLEX_FOURPLEX,DUPLEX_TRIPLEX_FOURPLEX,Dovercourt Wallace Emerson Junction,43.6597632,-79.4409211,5,0,2,1300.0,335.14,2275.0,110.65,557.84,467.8,99.65,247.3,166.65,45,59,45,4,2502363,26022878,,171,171,Junction-Wallace Emerson,Junction-Wallace Emerson (171),Not an NIA or Emerging Neighbourhood,,17824785.0,Junction-Wallace Emerson
1245000.0,1288000.0,1245000.0,DUPLEX_TRIPLEX_FOURPLEX,DUPLEX_TRIPLEX_FOURPLEX,Greenwood Coxwell,43.6717851,-79.3274451,4,1,2,2250.0,421.15,2029.03,335.17,440.96,683.14,602.63,487.04,1219.38,34,61,32,91,2502276,26022791,,65,65,Greenwood-Coxwell,Greenwood-Coxwell (65),Not an NIA or Emerging Neighbourhood,,17826177.0,Greenwood-Coxwell
1280000.0,1389900.0,1280000.0,DUPLEX_TRIPLEX_FOURPLEX,DUPLEX_TRIPLEX_FOURPLEX,Trinity Bellwoods,43.6506522,-79.4237943,4,1,3,2250.0,218.1,946.37,79.76,576.19,207.54,200.02,157.43,1319.74,136,72,45,106,2502261,26022776,,81,81,Trinity-Bellwoods,Trinity-Bellwoods (81),Not an NIA or Emerging Neighbourhood,,17826417.0,Trinity-Bellwoods
1250000.0,1399000.0,1250000.0,DUPLEX_TRIPLEX_FOURPLEX,DUPLEX_TRIPLEX_FOURPLEX,Dovercourt Wallace Emerson Junction,43.6645577,-79.4252246,5,0,3,2250.0,235.95,1652.86,212.89,873.55,281.65,253.18,583.06,258.14,80,67,53,3,2502364,26022879,,172,172,Dovercourt Village,Dovercourt Village (172),Not an NIA or Emerging Neighbourhood,,17824769.0,Dovercourt Village
1250000.0,1299999.0,1250000.0,DUPLEX_TRIPLEX_FOURPLEX,DUPLEX_TRIPLEX_FOURPLEX,Blake Jones,43.6734985,-79.3377039,6,0,4,2250.0,124.16,1571.38,346.89,794.36,409.82,529.71,498.11,837.1,46,63,39,87,2502280,26022795,,69,69,Blake-Jones,Blake-Jones (69),Not an NIA or Emerging Neighbourhood,,17826113.0,Blake-Jones
1275000.0,1195000.0,1275000.0,DUPLEX_TRIPLEX_FOURPLEX,DUPLEX_TRIPLEX_FOURPLEX,Runnymede Bloor West Village,43.6576303,-79.4792357,5,1,4,2250.0,235.98,777.88,148.29,771.03,741.59,727.37,668.72,708.74,45,54,27,99,2502268,26022783,,89,89,Runnymede-Bloor West Village,Runnymede-Bloor West Village (89),Not an NIA or Emerging Neighbourhood,,17826305.0,Runnymede-Bloor West Village
1335000.0,1395000.0,1335000.0,DUPLEX_TRIPLEX_FOURPLEX,DUPLEX_TRIPLEX_FOURPLEX,Dovercourt Wallace Emerson Junction,43.6598865,-79.4409445,7,3,3,2750.0,323.63,2287.42,115.84,559.46,469.8,112.79,247.0,171.43,46,58,45,4,2502363,26022878,,171,171,Junction-Wallace Emerson,Junction-Wallace Emerson (171),Not an NIA or Emerging Neighbourhood,,17824785.0,Junction-Wallace Emerson
1380000.0,1470000.0,1380000.0,DUPLEX_TRIPLEX_FOURPLEX,DUPLEX_TRIPLEX_FOURPLEX,High Park North,43.6624872,-79.4580896,5,1,3,1750.0,160.01,1854.13,362.46,673.76,681.95,496.99,665.63,738.83,48,57,37,100,2502267,26022782,,88,88,High Park North,High Park North (88),Not an NIA or Emerging Neighbourhood,,17826321.0,High Park North
1399999.0,999900.0,1399999.0,DUPLEX_TRIPLEX_FOURPLEX,DUPLEX_TRIPLEX_FOURPLEX,Trinity Bellwoods,43.6550996,-79.4095457,5,0,2,1750.0,339.11,373.16,471.32,462.3,165.86,90.75,182.37,1212.18,242,72,66,106,2502261,26022776,,81,81,Trinity-Bellwoods,Trinity-Bellwoods (81),Not an NIA or Emerging Neighbourhood,,17826417.0,Trinity-Bellwoods
1350000.0,999000.0,1350000.0,DUPLEX_TRIPLEX_FOURPLEX,DUPLEX_TRIPLEX_FOURPLEX,Dovercourt Wallace Emerson Junction,43.6601203,-79.4409882,4,0,4,2250.0,302.32,2311.03,129.18,563.4,474.61,138.06,248.59,183.07,46,58,45,4,2502363,26022878,,171,171,Junction-Wallace Emerson,Junction-Wallace Emerson (171),Not an NIA or Emerging Neighbourhood,,17824785.0,Junction-Wallace Emerson
1307777.0,899000.0,1307777.0,DUPLEX_TRIPLEX_FOURPLEX,DUPLEX_TRIPLEX_FOURPLEX,Niagara,43.6411653,-79.4047127,4,1,3,1750.0,419.73,1138.47,320.17,409.03,225.8,236.03,255.36,1758.37,122,73,33,44,2502323,26022838,,162,162,West Queen West,West Queen West (162),Not an NIA or Emerging Neighbourhood,,17825425.0,West Queen West
1358000.0,1389000.0,1358000.0,DUPLEX_TRIPLEX_FOURPLEX,DUPLEX_TRIPLEX_FOURPLEX,North Riverdale,43.6691299,-79.352315,3,0,3,1750.0,148.7,356.72,293.94,385.35,393.38,400.51,400.09,993.7,54,81,36,88,2502279,26022794,,68,68,North Riverdale,North Riverdale (68),Not an NIA or Emerging Neighbourhood,,17826129.0,North Riverdale
1380000.0,1480000.0,1380000.0,DUPLEX_TRIPLEX_FOURPLEX,DUPLEX_TRIPLEX_FOURPLEX,Mount Pleasant East,43.7117314,-79.3800426,4,2,3,1750.0,596.66,924.15,71.1,1084.26,214.26,206.76,131.48,1588.62,30,42,39,59,2502308,26022823,,99,99,Mount Pleasant East,Mount Pleasant East (99),Not an NIA or Emerging Neighbourhood,,17825665.0,Mount Pleasant East
1375000.0,1489000.0,1375000.0,DUPLEX_TRIPLEX_FOURPLEX,DUPLEX_TRIPLEX_FOURPLEX,Wychwood,43.6819164,-79.4194069,6,2,3,2250.0,355.04,566.48,265.65,153.09,94.52,88.32,359.01,475.89,44,70,45,64,2502303,26022818,,94,94,Wychwood,Wychwood (94),Not an NIA or Emerging Neighbourhood,,17825745.0,Wychwood
1325000.0,1299900.0,1325000.0,DUPLEX_TRIPLEX_FOURPLEX,DUPLEX_TRIPLEX_FOURPLEX,The Beaches,43.6697239,-79.2942085,4,0,2,2250.0,226.83,3340.22,305.75,346.23,224.07,200.02,179.48,2229.63,32,35,21,93,2502274,26022789,,63,63,The Beaches,The Beaches (63),Not an NIA or Emerging Neighbourhood,,17826209.0,The Beaches
1335000.0,1399900.0,1335000.0,DUPLEX_TRIPLEX_FOURPLEX,DUPLEX_TRIPLEX_FOURPLEX,Palmerston Little Italy,43.6558902,-79.4204094,5,0,4,2250.0,265.07,1230.14,325.62,86.35,129.57,213.93,206.49,864.48,142,78,55,79,2502288,26022803,,80,80,Palmerston-Little Italy,Palmerston-Little Italy (80),Not an NIA or Emerging Neighbourhood,,17825985.0,Palmerston-Little Italy
1350000.0,1395000.0,1350000.0,DUPLEX_TRIPLEX_FOURPLEX,DUPLEX_TRIPLEX_FOURPLEX,Lawrence Park North,43.7347407,-79.4059548,4,1,3,1750.0,138.29,2428.05,115.0,1147.1,109.03,226.19,164.13,974.19,17,33,21,54,2502313,26022828,,105,105,Lawrence Park North,Lawrence Park North (105),Not an NIA or Emerging Neighbourhood,,17825585.0,Lawrence Park North
1350000.0,1499888.0,1350000.0,DUPLEX_TRIPLEX_FOURPLEX,DUPLEX_TRIPLEX_FOURPLEX,Lawrence Park North,43.7314957,-79.4032206,4,0,2,2250.0,294.12,2552.91,316.46,744.94,74.18,128.21,442.23,575.5,17,35,23,54,2502313,26022828,,105,105,Lawrence Park North,Lawrence Park North (105),Not an NIA or Emerging Neighbourhood,,17825585.0,Lawrence Park North
1405000.0,1475000.0,1405000.0,DUPLEX_TRIPLEX_FOURPLEX,DUPLEX_TRIPLEX_FOURPLEX,Cabbagetown-South St. James Town,43.6668056,-79.3654828,4,0,4,2750.0,94.4,878.97,407.84,589.98,310.57,256.11,306.76,797.5,49,101,55,85,2502282,26022797,,71,71,Cabbagetown-South St.James Town,Cabbagetown-South St.James Town (71),Not an NIA or Emerging Neighbourhood,,17826081.0,Cabbagetown-South St.James Town
1430000.0,1445000.0,1430000.0,DUPLEX_TRIPLEX_FOURPLEX,DUPLEX_TRIPLEX_FOURPLEX,East End Danforth,43.6790199,-79.3097544,4,0,4,2250.0,409.18,1721.55,257.9,961.04,761.18,777.44,824.59,853.96,21,60,35,94,2502273,26022788,,62,62,East End-Danforth,East End-Danforth (62),Not an NIA or Emerging Neighbourhood,,17826225.0,East End-Danforth
1500000.0,1599000.0,1500000.0,DUPLEX_TRIPLEX_FOURPLEX,DUPLEX_TRIPLEX_FOURPLEX,Lawrence Park North,43.7352633,-79.4074309,4,0,2,1750.0,244.4,2326.82,245.5,1233.91,236.93,345.29,265.03,981.73,27,31,21,54,2502313,26022828,,105,105,Lawrence Park North,Lawrence Park North (105),Not an NIA or Emerging Neighbourhood,,17825585.0,Lawrence Park North
1470000.0,1479000.0,1470000.0,DUPLEX_TRIPLEX_FOURPLEX,DUPLEX_TRIPLEX_FOURPLEX,East End Danforth,43.6913886,-79.2973122,4,2,5,2250.0,158.54,2226.27,177.15,903.83,216.86,221.34,304.71,432.18,24,57,31,94,2502273,26022788,,62,62,East End-Danforth,East End-Danforth (62),Not an NIA or Emerging Neighbourhood,,17826225.0,East End-Danforth
1425000.0,1525000.0,1425000.0,DUPLEX_TRIPLEX_FOURPLEX,DUPLEX_TRIPLEX_FOURPLEX,Playter Estates Danforth,43.682062,-79.3535467,4,1,3,1750.0,160.06,1747.01,451.82,815.64,531.45,544.72,383.35,434.36,65,51,27,89,2502278,26022793,,67,67,Playter Estates-Danforth,Playter Estates-Danforth (67),Not an NIA or Emerging Neighbourhood,,17826145.0,Playter Estates-Danforth
1425000.0,1690000.0,1425000.0,DUPLEX_TRIPLEX_FOURPLEX,DUPLEX_TRIPLEX_FOURPLEX,Trinity Bellwoods,43.647381,-79.4184336,4,1,3,1300.0,142.75,486.8,312.5,873.16,266.29,149.77,132.01,1784.53,162,76,37,106,2502261,26022776,,81,81,Trinity-Bellwoods,Trinity-Bellwoods (81),Not an NIA or Emerging Neighbourhood,,17826417.0,Trinity-Bellwoods
1412000.0,1538888.0,1412000.0,DUPLEX_TRIPLEX_FOURPLEX,DUPLEX_TRIPLEX_FOURPLEX,South Riverdale,43.6646318,-79.35129909999999,5,0,3,2250.0,246.02,326.47,198.31,187.42,142.27,106.38,103.6,1481.85,45,80,36,86,2502281,26022796,,70,70,South Riverdale,South Riverdale (70),Not an NIA or Emerging Neighbourhood,,17826097.0,South Riverdale
1485000.0,1549000.0,1485000.0,DUPLEX_TRIPLEX_FOURPLEX,DUPLEX_TRIPLEX_FOURPLEX,Lawrence Park North,43.7323172,-79.3947157,4,1,3,2250.0,672.51,1985.14,432.78,1002.14,759.69,773.67,831.88,910.58,17,33,22,54,2502313,26022828,,105,105,Lawrence Park North,Lawrence Park North (105),Not an NIA or Emerging Neighbourhood,,17825585.0,Lawrence Park North
1600000.0,1685000.0,1600000.0,DUPLEX_TRIPLEX_FOURPLEX,DUPLEX_TRIPLEX_FOURPLEX,Wychwood,43.6785426,-79.4327886,8,0,4,2250.0,148.22,1391.5,150.77,565.05,223.34,199.23,291.11,1578.64,61,65,35,64,2502303,26022818,,94,94,Wychwood,Wychwood (94),Not an NIA or Emerging Neighbourhood,,17825745.0,Wychwood
1650000.0,1488000.0,1650000.0,DUPLEX_TRIPLEX_FOURPLEX,DUPLEX_TRIPLEX_FOURPLEX,Dovercourt Wallace Emerson Junction,43.6625487,-79.4340456,3,1,3,1750.0,136.92,2245.65,259.85,292.33,318.39,247.32,709.39,276.06,68,66,47,3,2502364,26022879,,172,172,Dovercourt Village,Dovercourt Village (172),Not an NIA or Emerging Neighbourhood,,17824769.0,Dovercourt Village
1540200.0,1390000.0,1540200.0,DUPLEX_TRIPLEX_FOURPLEX,DUPLEX_TRIPLEX_FOURPLEX,East End Danforth,43.6819133,-79.3000133,4,1,3,1750.0,106.04,2193.32,299.32,172.27,705.11,689.72,394.68,803.69,24,59,35,94,2502273,26022788,,62,62,East End-Danforth,East End-Danforth (62),Not an NIA or Emerging Neighbourhood,,17826225.0,East End-Danforth
1675000.0,1699000.0,1675000.0,DUPLEX_TRIPLEX_FOURPLEX,DUPLEX_TRIPLEX_FOURPLEX,Trinity Bellwoods,43.6544462,-79.4085369,7,3,4,2250.0,313.1,268.06,410.11,353.64,116.43,184.49,97.15,1295.51,274,74,66,106,2502261,26022776,,81,81,Trinity-Bellwoods,Trinity-Bellwoods (81),Not an NIA or Emerging Neighbourhood,,17826417.0,Trinity-Bellwoods
1515000.0,1499900.0,1515000.0,DUPLEX_TRIPLEX_FOURPLEX,DUPLEX_TRIPLEX_FOURPLEX,Playter Estates Danforth,43.6805232,-79.3489369,4,2,3,1750.0,377.29,1637.9,185.77,408.64,241.38,307.38,286.92,331.1,77,55,30,89,2502278,26022793,,67,67,Playter Estates-Danforth,Playter Estates-Danforth (67),Not an NIA or Emerging Neighbourhood,,17826145.0,Playter Estates-Danforth
1587000.0,1499900.0,1587000.0,DUPLEX_TRIPLEX_FOURPLEX,DUPLEX_TRIPLEX_FOURPLEX,Trinity Bellwoods,43.6449072,-79.4174775,7,0,4,1300.0,146.57,230.92,257.03,1157.48,215.91,164.99,238.53,2069.13,119,71,35,106,2502261,26022776,,81,81,Trinity-Bellwoods,Trinity-Bellwoods (81),Not an NIA or Emerging Neighbourhood,,17826417.0,Trinity-Bellwoods
1565000.0,1669000.0,1565000.0,DUPLEX_TRIPLEX_FOURPLEX,DUPLEX_TRIPLEX_FOURPLEX,Dovercourt Wallace Emerson Junction,43.6608701,-79.4407589,3,1,2,1750.0,221.21,2396.03,172.89,554.67,470.33,214.12,296.9,254.66,48,60,45,4,2502363,26022878,,171,171,Junction-Wallace Emerson,Junction-Wallace Emerson (171),Not an NIA or Emerging Neighbourhood,,17824785.0,Junction-Wallace Emerson
1600000.0,1850000.0,1600000.0,DUPLEX_TRIPLEX_FOURPLEX,DUPLEX_TRIPLEX_FOURPLEX,Trinity Bellwoods,43.6535814,-79.4095133,5,1,2,1750.0,409.02,324.07,415.81,359.75,235.89,203.76,210.07,1371.29,260,79,64,106,2502261,26022776,,81,81,Trinity-Bellwoods,Trinity-Bellwoods (81),Not an NIA or Emerging Neighbourhood,,17826417.0,Trinity-Bellwoods
1640000.0,1748000.0,1640000.0,DUPLEX_TRIPLEX_FOURPLEX,DUPLEX_TRIPLEX_FOURPLEX,Dovercourt Wallace Emerson Junction,43.6665538,-79.4247266,4,2,4,2250.0,150.73,1439.94,379.43,866.55,507.17,452.4,398.3,481.88,83,70,53,3,2502364,26022879,,172,172,Dovercourt Village,Dovercourt Village (172),Not an NIA or Emerging Neighbourhood,,17824769.0,Dovercourt Village
1650000.0,1649000.0,1650000.0,DUPLEX_TRIPLEX_FOURPLEX,DUPLEX_TRIPLEX_FOURPLEX,Trinity Bellwoods,43.6534045,-79.4163227,4,1,4,1750.0,238.23,871.71,156.89,365.53,156.85,222.02,261.89,1201.66,152,78,55,106,2502261,26022776,,81,81,Trinity-Bellwoods,Trinity-Bellwoods (81),Not an NIA or Emerging Neighbourhood,,17826417.0,Trinity-Bellwoods
1575000.0,1599900.0,1575000.0,DUPLEX_TRIPLEX_FOURPLEX,DUPLEX_TRIPLEX_FOURPLEX,Mount Pleasant West,43.7012887,-79.3911469,4,0,4,1750.0,226.42,2387.97,61.86,380.43,513.55,531.49,358.32,618.82,67,52,44,1,2502366,26022881,,174,174,South Eglinton-Davisville,South Eglinton-Davisville (174),Not an NIA or Emerging Neighbourhood,,17824737.0,South Eglinton-Davisville
1550000.0,1650000.0,1550000.0,DUPLEX_TRIPLEX_FOURPLEX,DUPLEX_TRIPLEX_FOURPLEX,Junction Area,43.6604672,-79.4790353,4,0,2,1750.0,354.0,475.96,243.03,1041.03,993.08,680.16,760.01,1004.75,41,50,29,67,2502300,26022815,,90,90,Junction Area,Junction Area (90),Not an NIA or Emerging Neighbourhood,,17825793.0,Junction Area
1650000.0,1749999.0,1650000.0,DUPLEX_TRIPLEX_FOURPLEX,DUPLEX_TRIPLEX_FOURPLEX,Trinity Bellwoods,43.6521703,-79.4147265,5,1,5,2250.0,54.39,757.27,278.9,549.1,285.26,329.71,437.25,1359.7,178,80,59,106,2502261,26022776,,81,81,Trinity-Bellwoods,Trinity-Bellwoods (81),Not an NIA or Emerging Neighbourhood,,17826417.0,Trinity-Bellwoods
1988000.0,1988000.0,1988000.0,DUPLEX_TRIPLEX_FOURPLEX,DUPLEX_TRIPLEX_FOURPLEX,Rosedale Moore Park,43.6905186,-79.381633,4,0,4,2250.0,407.14,2827.89,125.62,892.38,930.09,651.68,673.98,1010.96,4,57,29,60,2502307,26022822,,98,98,Rosedale-Moore Park,Rosedale-Moore Park (98),Not an NIA or Emerging Neighbourhood,,17825681.0,Rosedale-Moore Park
1750000.0,1798000.0,1750000.0,DUPLEX_TRIPLEX_FOURPLEX,DUPLEX_TRIPLEX_FOURPLEX,High Park North,43.6607909,-79.4646921,3,1,4,1750.0,382.96,1373.16,244.3,319.98,550.68,539.97,498.09,711.56,58,46,29,100,2502267,26022782,,88,88,High Park North,High Park North (88),Not an NIA or Emerging Neighbourhood,,17826321.0,High Park North
1818000.0,1699000.0,1818000.0,DUPLEX_TRIPLEX_FOURPLEX,DUPLEX_TRIPLEX_FOURPLEX,Trinity Bellwoods,43.6514691,-79.4239375,3,1,3,1750.0,139.38,1033.46,131.18,506.57,281.15,275.16,248.79,1228.22,136,74,48,106,2502261,26022776,,81,81,Trinity-Bellwoods,Trinity-Bellwoods (81),Not an NIA or Emerging Neighbourhood,,17826417.0,Trinity-Bellwoods
1725000.0,1750000.0,1725000.0,DUPLEX_TRIPLEX_FOURPLEX,DUPLEX_TRIPLEX_FOURPLEX,The Beaches,43.6692142,-79.2918947,3,2,3,2250.0,212.23,3516.98,343.18,538.95,411.23,296.5,319.27,2339.66,33,29,21,93,2502274,26022789,,63,63,The Beaches,The Beaches (63),Not an NIA or Emerging Neighbourhood,,17826209.0,The Beaches
1800000.0,1898000.0,1800000.0,DUPLEX_TRIPLEX_FOURPLEX,DUPLEX_TRIPLEX_FOURPLEX,Trinity Bellwoods,43.6524047,-79.4103092,7,1,4,2750.0,308.24,405.69,435.93,387.24,373.59,109.73,344.55,1454.79,262,80,62,106,2502261,26022776,,81,81,Trinity-Bellwoods,Trinity-Bellwoods (81),Not an NIA or Emerging Neighbourhood,,17826417.0,Trinity-Bellwoods
1900000.0,1875000.0,1900000.0,DUPLEX_TRIPLEX_FOURPLEX,DUPLEX_TRIPLEX_FOURPLEX,High Park North,43.6573051,-79.4689283,5,1,4,1750.0,324.1,1257.16,410.79,708.28,901.87,466.0,774.75,416.82,56,53,31,100,2502267,26022782,,88,88,High Park North,High Park North (88),Not an NIA or Emerging Neighbourhood,,17826321.0,High Park North
1725000.0,1899000.0,1725000.0,DUPLEX_TRIPLEX_FOURPLEX,DUPLEX_TRIPLEX_FOURPLEX,Annex,43.6765418,-79.3994039,4,3,4,2250.0,428.52,1302.73,146.1,1006.74,329.79,362.24,294.98,642.86,67,85,57,63,2502304,26022819,,95,95,Annex,Annex (95),Not an NIA or Emerging Neighbourhood,,17825729.0,Annex
1851106.0,1849000.0,1851106.0,DUPLEX_TRIPLEX_FOURPLEX,DUPLEX_TRIPLEX_FOURPLEX,Lawrence Park North,43.7263965,-79.3987016,6,0,3,3250.0,200.87,2039.06,198.5,298.05,315.93,325.75,337.37,303.2,17,42,28,54,2502313,26022828,,105,105,Lawrence Park North,Lawrence Park North (105),Not an NIA or Emerging Neighbourhood,,17825585.0,Lawrence Park North
1780000.0,1995000.0,1780000.0,DUPLEX_TRIPLEX_FOURPLEX,DUPLEX_TRIPLEX_FOURPLEX,Lawrence Park South,43.7071913,-79.4103154,4,2,7,2250.0,65.14,3216.87,401.9,854.03,336.78,402.21,423.93,945.19,36,54,47,55,2502312,26022827,,103,103,Lawrence Park South,Lawrence Park South (103),Not an NIA or Emerging Neighbourhood,,17825601.0,Lawrence Park South
1730000.0,1788000.0,1730000.0,DUPLEX_TRIPLEX_FOURPLEX,DUPLEX_TRIPLEX_FOURPLEX,High Park Swansea,43.6502566,-79.4579306,3,2,4,2750.0,184.85,1277.65,550.71,925.43,563.43,610.0,669.18,605.42,35,49,35,101,2502266,26022781,,87,87,High Park-Swansea,High Park-Swansea (87),Not an NIA or Emerging Neighbourhood,,17826337.0,High Park-Swansea
1884000.0,1994000.0,1884000.0,DUPLEX_TRIPLEX_FOURPLEX,DUPLEX_TRIPLEX_FOURPLEX,Little Portugal,43.644302,-79.4249893,6,0,2,2750.0,364.57,531.6,230.45,702.61,184.12,206.35,184.81,1962.1,117,67,32,104,2502263,26022778,,84,84,Little Portugal,Little Portugal (84),Not an NIA or Emerging Neighbourhood,,17826385.0,Little Portugal
1860000.0,1995000.0,1860000.0,DUPLEX_TRIPLEX_FOURPLEX,DUPLEX_TRIPLEX_FOURPLEX,Yonge St Clair,43.6958077,-79.4033633,6,2,3,2750.0,434.56,2242.14,297.83,1187.91,657.03,597.8,624.62,542.53,29,59,47,61,2502306,26022821,,97,97,Yonge-St.Clair,Yonge-St.Clair (97),Not an NIA or Emerging Neighbourhood,,17825697.0,Yonge-St.Clair
2150000.0,2299888.0,2150000.0,DUPLEX_TRIPLEX_FOURPLEX,DUPLEX_TRIPLEX_FOURPLEX,Corso Italia Davenport,43.6744354,-79.4351038,4,3,4,1750.0,405.57,1614.71,317.04,540.19,561.11,628.22,744.83,1515.08,61,64,35,65,2502302,26022817,,92,92,Corso Italia-Davenport,Corso Italia-Davenport (92),Not an NIA or Emerging Neighbourhood,,17825761.0,Corso Italia-Davenport
2100000.0,2250000.0,2100000.0,DUPLEX_TRIPLEX_FOURPLEX,DUPLEX_TRIPLEX_FOURPLEX,Yonge Eglinton,43.7002653,-79.4063587,6,0,8,4250.0,370.97,2619.1,271.7,1032.05,497.35,505.7,652.29,773.63,46,55,45,58,2502309,26022824,,100,100,Yonge-Eglinton,Yonge-Eglinton (100),Not an NIA or Emerging Neighbourhood,,17825649.0,Yonge-Eglinton
2500000.0,2599000.0,2500000.0,DUPLEX_TRIPLEX_FOURPLEX,DUPLEX_TRIPLEX_FOURPLEX,The Beaches,43.669522,-79.289232,4,1,4,2750.0,293.66,3660.06,150.84,746.69,597.9,427.93,475.76,2388.4,27,23,20,93,2502274,26022789,,63,63,The Beaches,The Beaches (63),Not an NIA or Emerging Neighbourhood,,17826209.0,The Beaches
2225000.0,2199900.0,2225000.0,DUPLEX_TRIPLEX_FOURPLEX,DUPLEX_TRIPLEX_FOURPLEX,High Park Swansea,43.6530193,-79.4553101,3,1,4,2250.0,292.22,1474.51,485.64,1018.85,320.8,304.28,351.35,445.37,35,47,36,101,2502266,26022781,,87,87,High Park-Swansea,High Park-Swansea (87),Not an NIA or Emerging Neighbourhood,,17826337.0,High Park-Swansea
2100000.0,2249000.0,2100000.0,DUPLEX_TRIPLEX_FOURPLEX,DUPLEX_TRIPLEX_FOURPLEX,Rosedale Moore Park,43.6847135,-79.3811674,4,2,3,2750.0,323.79,2183.77,178.35,1004.15,900.23,416.13,505.01,823.16,17,72,34,60,2502307,26022822,,98,98,Rosedale-Moore Park,Rosedale-Moore Park (98),Not an NIA or Emerging Neighbourhood,,17825681.0,Rosedale-Moore Park
2500000.0,2768000.0,2500000.0,DUPLEX_TRIPLEX_FOURPLEX,DUPLEX_TRIPLEX_FOURPLEX,High Park North,43.6575309,-79.4684366,7,1,4,2750.0,321.59,1272.41,426.27,673.46,872.33,477.16,749.28,426.61,59,52,31,100,2502267,26022782,,88,88,High Park North,High Park North (88),Not an NIA or Emerging Neighbourhood,,17826321.0,High Park North
2100000.0,2330000.0,2100000.0,DUPLEX_TRIPLEX_FOURPLEX,DUPLEX_TRIPLEX_FOURPLEX,Trinity Bellwoods,43.6521089,-79.4229369,6,2,4,4250.0,71.89,1069.93,138.56,402.1,307.44,304.46,226.67,1174.08,130,72,44,106,2502261,26022776,,81,81,Trinity-Bellwoods,Trinity-Bellwoods (81),Not an NIA or Emerging Neighbourhood,,17826417.0,Trinity-Bellwoods
2080000.0,2199999.0,2080000.0,DUPLEX_TRIPLEX_FOURPLEX,DUPLEX_TRIPLEX_FOURPLEX,High Park North,43.6567636,-79.471303,4,0,3,2250.0,230.27,1160.62,235.9,581.26,737.46,513.54,685.15,480.9,46,52,31,100,2502267,26022782,,88,88,High Park North,High Park North (88),Not an NIA or Emerging Neighbourhood,,17826321.0,High Park North
2005000.0,2095000.0,2005000.0,DUPLEX_TRIPLEX_FOURPLEX,DUPLEX_TRIPLEX_FOURPLEX,Annex,43.6785561,-79.3960083,4,0,2,2250.0,205.27,1572.93,130.94,946.39,436.62,421.21,640.22,562.52,73,87,55,63,2502304,26022819,,95,95,Annex,Annex (95),Not an NIA or Emerging Neighbourhood,,17825729.0,Annex
2835000.0,3095000.0,2835000.0,DUPLEX_TRIPLEX_FOURPLEX,DUPLEX_TRIPLEX_FOURPLEX,High Park-Swansea,43.64181,-79.4487,4,1,6,2750.0,158.29,187.21,337.6,369.42,329.08,186.4,176.93,1717.91,44,40,19,101,2502266,26022781,,87,87,High Park-Swansea,High Park-Swansea (87),Not an NIA or Emerging Neighbourhood,,17826337.0,High Park-Swansea
2600000.0,2750000.0,2600000.0,DUPLEX_TRIPLEX_FOURPLEX,DUPLEX_TRIPLEX_FOURPLEX,University,43.6596602,-79.4047107,4,0,6,2250.0,238.64,442.77,100.27,541.71,346.88,259.31,352.26,872.87,289,79,71,80,2502287,26022802,,79,79,University,University (79),Not an NIA or Emerging Neighbourhood,,17826001.0,University
2600000.0,2869000.0,2600000.0,DUPLEX_TRIPLEX_FOURPLEX,DUPLEX_TRIPLEX_FOURPLEX,Yonge St Clair,43.6954961,-79.4039607,8,0,4,5000.0,411.21,2190.19,350.49,1201.61,716.12,652.29,682.97,600.95,22,60,46,61,2502306,26022821,,97,97,Yonge-St.Clair,Yonge-St.Clair (97),Not an NIA or Emerging Neighbourhood,,17825697.0,Yonge-St.Clair
2650000.0,2820000.0,2650000.0,DUPLEX_TRIPLEX_FOURPLEX,DUPLEX_TRIPLEX_FOURPLEX,Palmerston Little Italy,43.6614032,-79.4134176,5,1,4,2750.0,69.46,1088.27,237.0,416.25,334.47,361.66,350.57,500.79,193,68,67,79,2502288,26022803,,80,80,Palmerston-Little Italy,Palmerston-Little Italy (80),Not an NIA or Emerging Neighbourhood,,17825985.0,Palmerston-Little Italy
2550000.0,2550000.0,2550000.0,DUPLEX_TRIPLEX_FOURPLEX,DUPLEX_TRIPLEX_FOURPLEX,Forest Hill South,43.6956808,-79.4055269,6,1,5,4250.0,480.31,2158.79,263.89,1313.46,805.9,770.82,790.11,708.03,19,59,46,57,2502310,26022825,,101,101,Forest Hill South,Forest Hill South (101),Not an NIA or Emerging Neighbourhood,,17825633.0,Forest Hill South
3050000.0,3588000.0,3050000.0,DUPLEX_TRIPLEX_FOURPLEX,DUPLEX_TRIPLEX_FOURPLEX,Rosedale Moore Park,43.6842269,-79.3811327,7,3,5,4250.0,370.93,2129.83,176.34,1031.23,874.07,436.27,525.96,805.11,18,75,34,60,2502307,26022822,,98,98,Rosedale-Moore Park,Rosedale-Moore Park (98),Not an NIA or Emerging Neighbourhood,,17825681.0,Rosedale-Moore Park
3200000.0,3480000.0,3200000.0,DUPLEX_TRIPLEX_FOURPLEX,DUPLEX_TRIPLEX_FOURPLEX,High Park Swansea,43.6530249,-79.4533617,6,2,8,4250.0,150.7,1436.43,363.5,949.35,246.67,199.23,199.22,435.77,37,44,37,101,2502266,26022781,,87,87,High Park-Swansea,High Park-Swansea (87),Not an NIA or Emerging Neighbourhood,,17826337.0,High Park-Swansea
910100.0,848000.0,910100.0,DUPLEX_TRIPLEX_FOURPLEX,DUPLEX_TRIPLEX_FOURPLEX,Junction Area,43.6662914,-79.4790486,4,0,2,1750.0,705.92,250.97,128.48,1001.59,462.88,372.01,381.44,1640.66,47,57,37,67,2502300,26022815,,90,90,Junction Area,Junction Area (90),Not an NIA or Emerging Neighbourhood,,17825793.0,Junction Area
950000.0,999000.0,950000.0,DUPLEX_TRIPLEX_FOURPLEX,DUPLEX_TRIPLEX_FOURPLEX,Wychwood,43.6745337,-79.431397,4,1,3,1750.0,277.86,1322.8,244.54,241.89,634.31,658.32,720.14,1411.73,57,68,38,64,2502303,26022818,,94,94,Wychwood,Wychwood (94),Not an NIA or Emerging Neighbourhood,,17825745.0,Wychwood
1052500.0,999000.0,1052500.0,DUPLEX_TRIPLEX_FOURPLEX,DUPLEX_TRIPLEX_FOURPLEX,Blake Jones,43.6748216,-79.3335292,3,1,2,1300.0,355.32,1817.95,259.22,960.92,703.55,701.65,665.16,770.25,57,66,40,87,2502280,26022795,,69,69,Blake-Jones,Blake-Jones (69),Not an NIA or Emerging Neighbourhood,,17826113.0,Blake-Jones
1075000.0,1150000.0,1075000.0,DUPLEX_TRIPLEX_FOURPLEX,DUPLEX_TRIPLEX_FOURPLEX,The Beaches,43.6735929,-79.3079768,2,1,3,900.0,339.89,2272.23,374.7,856.38,563.81,433.72,546.02,1473.81,29,55,31,93,2502274,26022789,,63,63,The Beaches,The Beaches (63),Not an NIA or Emerging Neighbourhood,,17826209.0,The Beaches
1065000.0,999000.0,1065000.0,DUPLEX_TRIPLEX_FOURPLEX,DUPLEX_TRIPLEX_FOURPLEX,East End Danforth,43.6831318,-79.3068775,3,0,3,1750.0,527.92,1637.12,267.28,597.26,529.36,403.63,505.81,588.86,26,61,40,94,2502273,26022788,,62,62,East End-Danforth,East End-Danforth (62),Not an NIA or Emerging Neighbourhood,,17826225.0,East End-Danforth
1160000.0,1199000.0,1160000.0,DUPLEX_TRIPLEX_FOURPLEX,DUPLEX_TRIPLEX_FOURPLEX,Wychwood,43.675089,-79.4267671,4,0,2,1750.0,206.98,948.1,205.9,142.26,708.85,705.01,482.89,1394.46,55,74,45,64,2502303,26022818,,94,94,Wychwood,Wychwood (94),Not an NIA or Emerging Neighbourhood,,17825745.0,Wychwood
1215000.0,1399900.0,1215000.0,DUPLEX_TRIPLEX_FOURPLEX,DUPLEX_TRIPLEX_FOURPLEX,Danforth,43.6877177,-79.3192466,3,0,2,1300.0,217.37,519.51,254.91,482.08,434.04,382.28,528.72,500.35,26,58,33,90,2502277,26022792,,66,66,Danforth,Danforth (66),Not an NIA or Emerging Neighbourhood,,17826161.0,Danforth
1201000.0,1120000.0,1201000.0,DUPLEX_TRIPLEX_FOURPLEX,DUPLEX_TRIPLEX_FOURPLEX,High Park Swansea,43.6474524,-79.48501,4,0,1,2250.0,125.02,1924.66,301.59,576.27,300.66,229.47,616.64,289.68,30,47,22,101,2502266,26022781,,87,87,High Park-Swansea,High Park-Swansea (87),Not an NIA or Emerging Neighbourhood,,17826337.0,High Park-Swansea
1400000.0,1468000.0,1400000.0,DUPLEX_TRIPLEX_FOURPLEX,DUPLEX_TRIPLEX_FOURPLEX,High Park North,43.6620252,-79.4557757,5,2,3,1750.0,284.45,2045.32,342.13,637.92,574.63,387.83,511.01,607.07,46,56,39,100,2502267,26022782,,88,88,High Park North,High Park North (88),Not an NIA or Emerging Neighbourhood,,17826321.0,High Park North
1385000.0,1499900.0,1385000.0,DUPLEX_TRIPLEX_FOURPLEX,DUPLEX_TRIPLEX_FOURPLEX,High Park Swansea,43.6502671,-79.4756898,3,2,3,1750.0,91.07,1639.97,181.07,231.01,85.45,80.56,120.37,161.53,32,48,24,101,2502266,26022781,,87,87,High Park-Swansea,High Park-Swansea (87),Not an NIA or Emerging Neighbourhood,,17826337.0,High Park-Swansea
1325000.0,1289000.0,1325000.0,DUPLEX_TRIPLEX_FOURPLEX,DUPLEX_TRIPLEX_FOURPLEX,Palmerston Little Italy,43.6631184,-79.4151506,5,0,3,2250.0,215.44,1324.5,96.03,235.9,152.09,186.15,116.56,283.31,173,72,64,79,2502288,26022803,,80,80,Palmerston-Little Italy,Palmerston-Little Italy (80),Not an NIA or Emerging Neighbourhood,,17825985.0,Palmerston-Little Italy
1370000.0,1399900.0,1370000.0,DUPLEX_TRIPLEX_FOURPLEX,DUPLEX_TRIPLEX_FOURPLEX,Corso Italia Davenport,43.6768443,-79.4429031,6,0,3,2250.0,126.22,2203.38,242.84,43.73,144.07,54.21,810.77,1940.29,46,61,36,65,2502302,26022817,,92,92,Corso Italia-Davenport,Corso Italia-Davenport (92),Not an NIA or Emerging Neighbourhood,,17825761.0,Corso Italia-Davenport
1500000.0,1249000.0,1500000.0,DUPLEX_TRIPLEX_FOURPLEX,DUPLEX_TRIPLEX_FOURPLEX,North Riverdale,43.6759041,-79.3442366,4,1,3,1750.0,293.01,1347.33,271.7,303.33,320.84,353.07,325.38,449.9,78,61,39,88,2502279,26022794,,68,68,North Riverdale,North Riverdale (68),Not an NIA or Emerging Neighbourhood,,17826129.0,North Riverdale
1450000.0,1649000.0,1450000.0,DUPLEX_TRIPLEX_FOURPLEX,DUPLEX_TRIPLEX_FOURPLEX,High Park Swansea,43.6506297,-79.4556858,5,2,4,2250.0,260.29,1234.45,647.03,821.41,381.81,473.02,500.38,632.28,39,48,38,101,2502266,26022781,,87,87,High Park-Swansea,High Park-Swansea (87),Not an NIA or Emerging Neighbourhood,,17826337.0,High Park-Swansea
1530000.0,1600000.0,1530000.0,DUPLEX_TRIPLEX_FOURPLEX,DUPLEX_TRIPLEX_FOURPLEX,Corso Italia-Davenport,43.6752729,-79.43454419999999,4,0,2,2750.0,353.29,1552.22,219.05,500.91,471.93,570.91,646.93,1578.71,65,66,36,65,2502302,26022817,,92,92,Corso Italia-Davenport,Corso Italia-Davenport (92),Not an NIA or Emerging Neighbourhood,,17825761.0,Corso Italia-Davenport
1510000.0,1650000.0,1510000.0,DUPLEX_TRIPLEX_FOURPLEX,DUPLEX_TRIPLEX_FOURPLEX,Yonge Eglinton,43.7029757,-79.4082121,4,1,5,2250.0,127.27,2875.38,378.88,894.97,161.6,244.03,381.09,881.79,54,54,48,58,2502309,26022824,,100,100,Yonge-Eglinton,Yonge-Eglinton (100),Not an NIA or Emerging Neighbourhood,,17825649.0,Yonge-Eglinton
1650000.0,1695000.0,1650000.0,DUPLEX_TRIPLEX_FOURPLEX,DUPLEX_TRIPLEX_FOURPLEX,High Park North,43.6613152,-79.457735,3,2,3,2250.0,231.79,1902.46,408.28,732.27,652.16,448.85,555.18,616.15,47,57,36,100,2502267,26022782,,88,88,High Park North,High Park North (88),Not an NIA or Emerging Neighbourhood,,17826321.0,High Park North
1535000.0,1549000.0,1535000.0,DUPLEX_TRIPLEX_FOURPLEX,DUPLEX_TRIPLEX_FOURPLEX,Trinity Bellwoods,43.6547551,-79.4094289,4,1,3,1750.0,349.06,347.59,478.06,428.91,175.71,129.7,166.5,1251.31,247,73,66,106,2502261,26022776,,81,81,Trinity-Bellwoods,Trinity-Bellwoods (81),Not an NIA or Emerging Neighbourhood,,17826417.0,Trinity-Bellwoods
1950000.0,1998000.0,1950000.0,DUPLEX_TRIPLEX_FOURPLEX,DUPLEX_TRIPLEX_FOURPLEX,South Riverdale,43.6673067,-79.3301638,4,1,4,1750.0,180.49,1966.03,216.03,379.44,620.33,508.06,529.69,1644.16,52,62,31,86,2502281,26022796,,70,70,South Riverdale,South Riverdale (70),Not an NIA or Emerging Neighbourhood,,17826097.0,South Riverdale
1875000.0,1988000.0,1875000.0,DUPLEX_TRIPLEX_FOURPLEX,DUPLEX_TRIPLEX_FOURPLEX,High Park North,43.6575325,-79.4674146,8,0,3,4000.0,373.19,1338.39,379.77,657.83,868.14,461.69,754.99,410.0,57,52,33,100,2502267,26022782,,88,88,High Park North,High Park North (88),Not an NIA or Emerging Neighbourhood,,17826321.0,High Park North
1830000.0,1899000.0,1830000.0,DUPLEX_TRIPLEX_FOURPLEX,DUPLEX_TRIPLEX_FOURPLEX,Mimico,43.6205692,-79.5034423,6,1,3,2750.0,335.46,4840.41,198.35,1009.62,1237.89,319.37,665.12,3134.86,27,40,24,46,2502321,26022836,,160,160,Mimico-Queensway,Mimico-Queensway (160),Not an NIA or Emerging Neighbourhood,,17825457.0,Mimico-Queensway
1930000.0,1989000.0,1930000.0,DUPLEX_TRIPLEX_FOURPLEX,DUPLEX_TRIPLEX_FOURPLEX,South Riverdale,43.6602388,-79.3509826,4,1,5,2250.0,171.82,740.2,108.47,292.25,290.61,330.27,530.84,1950.89,49,73,31,86,2502281,26022796,,70,70,South Riverdale,South Riverdale (70),Not an NIA or Emerging Neighbourhood,,17826097.0,South Riverdale
1890000.0,1999000.0,1890000.0,DUPLEX_TRIPLEX_FOURPLEX,DUPLEX_TRIPLEX_FOURPLEX,Church Yonge Corridor,43.6675459,-79.3799244,5,1,3,3250.0,112.63,332.96,107.66,444.39,238.14,127.08,314.77,384.41,173,93,76,39,2502328,26022843,,167,167,Church-Wellesley,Church-Wellesley (167),Not an NIA or Emerging Neighbourhood,,17825345.0,Church-Wellesley
1950000.0,2199900.0,1950000.0,DUPLEX_TRIPLEX_FOURPLEX,DUPLEX_TRIPLEX_FOURPLEX,Kensington Chinatown,43.656078,-79.404564,5,2,3,2250.0,71.46,298.95,161.12,444.45,219.12,137.06,275.33,1220.12,295,83,67,81,2502286,26022801,,78,78,Kensington-Chinatown,Kensington-Chinatown (78),Not an NIA or Emerging Neighbourhood,,17826017.0,Kensington-Chinatown
2200000.0,1989000.0,2200000.0,DUPLEX_TRIPLEX_FOURPLEX,DUPLEX_TRIPLEX_FOURPLEX,North Riverdale,43.6758478,-79.34444409999999,4,2,4,1750.0,282.84,1332.14,254.66,308.48,324.32,362.13,325.42,454.45,78,61,39,88,2502279,26022794,,68,68,North Riverdale,North Riverdale (68),Not an NIA or Emerging Neighbourhood,,17826129.0,North Riverdale
2110000.0,2185000.0,2110000.0,DUPLEX_TRIPLEX_FOURPLEX,DUPLEX_TRIPLEX_FOURPLEX,High Park North,43.6573839,-79.4689469,4,3,3,2750.0,315.54,1250.44,415.09,700.34,893.39,474.71,766.04,425.46,56,53,31,100,2502267,26022782,,88,88,High Park North,High Park North (88),Not an NIA or Emerging Neighbourhood,,17826321.0,High Park North
2645000.0,2689000.0,2645000.0,DUPLEX_TRIPLEX_FOURPLEX,DUPLEX_TRIPLEX_FOURPLEX,Roncesvalles,43.6445692,-79.4430954,9,1,5,4250.0,252.13,718.95,303.68,468.81,416.05,395.83,397.48,1591.06,76,48,26,102,2502265,26022780,,86,86,Roncesvalles,Roncesvalles (86),Not an NIA or Emerging Neighbourhood,,17826353.0,Roncesvalles
2800000.0,2499000.0,2800000.0,DUPLEX_TRIPLEX_FOURPLEX,DUPLEX_TRIPLEX_FOURPLEX,South Riverdale,43.66448,-79.32602,7,0,4,3250.0,378.35,2306.2,173.13,702.98,733.38,517.72,426.82,2039.18,45,53,27,86,2502281,26022796,,70,70,South Riverdale,South Riverdale (70),Not an NIA or Emerging Neighbourhood,,17826097.0,South Riverdale
2650000.0,2750000.0,2650000.0,DUPLEX_TRIPLEX_FOURPLEX,DUPLEX_TRIPLEX_FOURPLEX,Palmerston Little Italy,43.6627634,-79.4126296,7,0,3,2750.0,155.3,1150.95,258.93,287.83,221.29,238.22,251.87,369.76,183,69,68,79,2502288,26022803,,80,80,Palmerston-Little Italy,Palmerston-Little Italy (80),Not an NIA or Emerging Neighbourhood,,17825985.0,Palmerston-Little Italy
2620000.0,2799000.0,2620000.0,DUPLEX_TRIPLEX_FOURPLEX,DUPLEX_TRIPLEX_FOURPLEX,Yonge Eglinton,43.70372039999999,-79.4083613,8,0,4,4250.0,166.68,2954.12,399.23,852.79,82.19,189.64,357.28,856.42,58,55,46,58,2502309,26022824,,100,100,Yonge-Eglinton,Yonge-Eglinton (100),Not an NIA or Emerging Neighbourhood,,17825649.0,Yonge-Eglinton
3450000.0,3595000.0,3450000.0,DUPLEX_TRIPLEX_FOURPLEX,DUPLEX_TRIPLEX_FOURPLEX,Yonge Eglinton,43.7022906,-79.4062027,7,2,6,4250.0,282.33,2839.19,420.86,838.66,315.91,281.64,557.51,789.45,62,51,46,58,2502309,26022824,,100,100,Yonge-Eglinton,Yonge-Eglinton (100),Not an NIA or Emerging Neighbourhood,,17825649.0,Yonge-Eglinton
3075000.0,2999999.0,3075000.0,DUPLEX_TRIPLEX_FOURPLEX,DUPLEX_TRIPLEX_FOURPLEX,Yonge Eglinton,43.7022409,-79.4067605,6,2,4,4250.0,238.61,2822.32,383.25,871.17,290.92,286.3,516.89,828.11,57,52,47,58,2502309,26022824,,100,100,Yonge-Eglinton,Yonge-Eglinton (100),Not an NIA or Emerging Neighbourhood,,17825649.0,Yonge-Eglinton
